pair,score
2ES4(3):B_1OFH(1):G,0.0005164019530639
2YC4(1):B_6HPB(1):A,0.0012670337455347
6X0A(15):O_2HZS(5):H,0.0008556144312024
7VD7(1):A_7VD7(1):B,0.00221553677693
1TY4(1):B_1TY4(1):D,0.9768348336219788
5WRV(1):A_6B12(2):B,0.0009703299729153
6U3W(1):B_2PTT(1):A,0.0013384292833507
3A5Z(1):C_3A5Z(1):D,0.5587478876113892
7MWR(1):A_7MWR(1):B,0.936964213848114
3GQI(1):B_2Y3N(1):C,0.0008552680374123
6KPD(1):B_6RCX(1):B,0.000306074070977
6TUN(2):B_7MWR(1):B,0.0063500078395009
3AMJ(1):B_3AMJ(1):A,0.9619023203849792
5CFF(1):A_4CC4(3):E,0.0011392566375434
3M6M(1):E_3AV0(1):A,0.0005708179087378
6TPI(1):C_6U08(2):C,0.1721319407224655
3LKX(1):A_6YJP(1):C,0.0005431330646388
5OW5(1):B_2J9U(1):A,0.088700994849205
6XZ6(1):A_5CTR(1):C,0.0616114996373653
5YXY(1):D_3F1I(1):S,0.0006152146961539
2IYB(2):B_2IYB(2):F,0.0041687875054776
6LBU(1):A_5Y9W(1):B,0.0004916349425911
2J9U(1):B_4CYJ(2):F,0.0061457064002752
3EXE(2):E_3EXE(2):H,0.0346006341278553
5HY3(1):A_2Y3N(1):D,0.0123707223683595
6IB8(1):A_6B12(2):D,0.0020845106337219
3TND(1):A_1N2D(1):A,0.0007364604389294
6AKM(1):B_4Y66(2):D,0.0100106969475746
4ZK7(1):W_2BUY(1):A,0.0006402132567018
6R3S(1):B_5IBW(1):C,0.012530704960227
3TND(1):A_3TND(1):B,0.8853466510772705
5MPO(1):B_7V5Z(1):B,0.0014328832039609
6COJ(1):B_5ZB2(1):B,0.0004694481613114
4DGW(1):A_4BFI(1):B,0.0004841025511268
6LBT(1):C_3M6M(1):B,0.0021127518266439
5MU7(1):A_5NUP(1):A,0.0011115728411823
7ENH(1):A_3PUF(3):I,0.0075974194332957
6DRH(4):H_2QAG(1):B,0.0606853738427162
5YK7(1):D_6HUL(1):A,0.0004788376099895
1Z6O(1):C_6GND(2):C,0.0039958101697266
6WEG(1):A_5CTR(1):A,0.0012619349872693
7P99(1):A_4FXE(1):E,0.0014655467821285
6OK1(1):B_2FOI(1):B,0.000743452750612
3R84(19):U_3R84(19):V,0.9741092324256896
4BFI(1):A_2XQN(1):T,0.0047610234469175
3PUF(3):G_3PUF(3):H,0.0433009788393974
6RCX(1):A_6D0H(1):B,0.0464330501854419
3OEI(1):D_2VUS(2):J,0.0008205014746636
1N2D(1):C_6U08(2):D,0.0008852716418914
6NKL(1):C_4NWR(4):AS,0.1991233378648758
2ZQK(2):B_1SV0(2):D,0.0005333498120307
1R6O(3):D_6X0A(15):O,0.0035588650498539
2Y9X(2):F_4NWO(1):A,0.0006975429714657
1GKA(1):B_3LBX(1):B,0.000839871529024
6LBU(1):B_4C4K(1):O,0.0020706611685454
6M2I(1):A_2ES4(3):E,0.0037722387351095
6WEG(1):C_5JNO(1):B,0.0018125183414667
6JCK(1):A_6POL(2):C,0.0606814250349998
4C4K(1):T_3OEI(1):B,0.0008664687047712
2VUS(2):B_5CFF(1):F,0.001989047974348
7BY3(1):C_4V02(1):C,0.0479094050824642
6B12(2):B_5ZB2(1):B,0.0025684116408228
2QAG(1):A_3M6M(1):B,0.0015663674566894
2PTT(1):B_7UM4(1):A,0.0059035052545368
2XQN(1):A_2XTS(1):D,0.0007064294768497
5YXY(1):D_3LBX(1):A,0.0004153084591962
4QX8(2):C_5NUP(1):A,0.0022427344229072
5E3E(1):A_2CG5(1):A,0.0145489601418375
4CXF(1):A_5JW9(1):A,0.0014319685287773
4NWO(1):B_6IB8(1):A,0.0032281118910759
6BZF(2):D_4TMA(2):J,0.0011018195655196
7LA5(1):A_3WXX(4):G,0.0007641976117156
2XQN(1):T_6XOD(1):B,0.0037483272608369
6X0A(15):O_6X0A(15):o,0.980726420879364
7BY3(1):C_6LBU(1):B,0.0121952127665281
4C4K(1):O_2R6A(1):C,0.0042786430567502
5YK7(1):C_5YK7(1):D,0.984715461730957
1H3O(2):C_5J1L(1):A,0.0006841517752036
2XZ0(2):B_4QX8(2):C,0.0109558822587132
6WEG(1):C_6WEG(1):A,0.9452948570251464
3X37(1):A_3X37(1):B,0.821394681930542
1TY4(1):B_6PNQ(1):B,0.0101343430578708
1GKA(1):A_3IEY(1):B,0.0017546428134664
1R6O(3):D_6U08(2):C,0.0081592071801424
7EXZ(2):A_2IYB(2):B,0.0006949449307285
1XG2(1):B_7ETR(1):A,0.0008541546412743
3A0R(1):B_5CK3(1):A,0.0008465208811685
3FGC(2):D_4NL9(2):B,0.0006516329594887
4ZIR(1):A_4ZIR(1):B,0.984772264957428
4BFI(1):A_4BFI(1):B,0.5377775430679321
7BY3(1):D_2Y0N(1):E,0.0035046539269387
3LKX(1):A_5YXY(1):D,0.0006280976231209
4X33(1):A_6WEG(1):C,0.0469760932028293
7RAG(1):B_1RP3(4):H,0.3996513783931732
5IBW(1):A_5IBW(1):C,0.0045598004944622
6F4J(2):B_2VUS(2):B,0.0013144442345947
6ZT0(1):AAAA_4C4K(1):O,0.0009876310359686
5WRV(1):B_2VUS(2):B,0.0016659159446135
6F4J(2):B_2R6A(1):B,0.0017629853682592
1OFH(1):G_3WXX(4):G,0.0073018791154026
2VUS(2):B_2PMS(2):D,0.0061200456693768
2IYB(2):F_7VKB(1):B,0.0024828352034091
1QDL(1):B_3HUG(6):J,0.000877825776115
5YXY(1):D_7ENH(1):A,0.0013084661914035
5OF3(1):D_7P99(1):C,0.0012541100149974
5XKJ(1):C_5XKJ(1):E,0.0723940730094909
6R3S(1):A_4NL9(2):B,0.0445814467966556
4QX8(2):D_3AMJ(1):B,0.0030672871507704
2XTS(1):D_5HY3(1):B,0.0005565191968344
7C96(1):B_5CK3(1):B,0.0018145993817597
1XG2(1):B_3NQZ(1):B,0.2768277823925018
3AV0(1):A_4WWR(3):C,0.0009716464555822
3V6I(1):A_3V6I(1):B,0.964181423187256
6KPD(1):B_2XZ0(2):D,0.0018393725622445
7DMA(1):B_2ZP9(1):G,0.1352235078811645
7ENH(1):B_2BUY(1):A,0.0017121148994192
3MB2(2):I_4TMA(2):J,0.0165921114385128
1T3E(1):B_3A5Z(1):C,0.0097727766260504
6YJP(1):A_4QMF(2):B,0.0004917115438729
3MB2(2):I_5XE3(1):A,0.0249401144683361
6GND(2):D_4FXE(1):E,0.0063905641436576
6KM7(1):A_7FAD(2):C,0.0144028849899768
4V02(1):C_5OW5(1):B,0.0042636827565729
3A0R(1):B_6VW9(1):B,0.0041684289462864
6IB8(1):A_6HPB(1):B,0.0050549618899822
1T3E(1):B_5OF3(1):E,0.0066181789152324
6KM7(1):A_5MW9(2):F,0.016984649002552
1GKA(1):B_4WWR(3):D,0.0003123596252407
3AV0(1):B_7P99(1):C,0.0008879449451342
5ERG(1):A_3EXE(2):H,0.0019636144861578
6D0H(1):A_6NXF(1):B,0.0007010444533079
6TPI(1):A_2BUY(1):A,0.0017188681522384
7P99(1):C_6XOD(1):A,0.2729416489601135
3AMJ(1):B_5ERG(1):A,0.0004801058967132
2PT7(1):H_1H3O(2):C,0.0031532535795122
5NT7(1):D_4C4K(1):O,0.010647683404386
5E3E(1):A_6XF1(2):D,0.0013418146409094
3EXE(2):E_6CP9(4):G,0.0237863212823867
6F45(1):D_3X37(1):B,0.0009253693860955
5ERG(1):B_4QMF(2):B,0.8344449996948242
7BY3(1):C_2PT7(1):H,0.0034417817369103
6GW6(1):A_3Q4H(2):A,0.0287212133407592
3OEI(1):D_3TVT(1):B,0.0008029710734263
6BSC(1):B_6TI2(1):B,0.001770781702362
6XF1(2):D_4ZK7(1):W,0.0007078007911331
7C96(1):A_6CP9(4):G,0.0086162565276026
6LBU(1):A_5XKJ(1):C,0.0007036048918962
3F1I(1):S_2XZ0(2):D,0.004349956754595
1TY4(1):B_4XA9(8):H,0.0138442600145936
5IBW(1):A_6XRW(1):B,0.0004092304734513
1XG2(1):A_3CDK(1):D,0.0005621354794129
6XF1(2):C_6XF1(2):D,0.0048932959325611
5MU7(1):B_6Y4L(1):A,0.1485782712697982
6WEG(1):C_2ZQK(2):B,0.0004977635690011
4ZQU(1):A_4ZQU(1):B,0.7727158665657043
5NUS(1):B_6L5K(1):B,0.0151228504255414
3IEY(1):B_2ZP9(1):J,0.0009674213360995
3M7F(1):A_3EXE(2):E,0.0026617213152348
7MWR(1):B_1N2D(1):A,0.0010868773097172
4KBQ(1):C_6WEG(1):A,0.0015667224070057
6NXF(1):B_6PNQ(1):A,0.0040206257253885
5YK7(1):D_4X33(1):A,0.001180462539196
3LBX(1):B_6U08(2):D,0.0011604385217651
5JNO(1):A_4ZK7(1):E,0.0041028056293725
2QAG(1):A_6IB8(1):A,0.0004410733527038
1XG2(1):B_7DG5(1):B,0.0013707600301131
5AUP(1):A_5AUP(1):I,0.8633213639259338
1QDL(1):A_4Y66(2):D,0.0008176456321962
6PNQ(1):A_6PNQ(1):B,0.028361078351736
1H3O(2):C_1H3O(2):D,0.3705434799194336
6XAW(1):A_6XAW(1):B,0.0429497808218002
6LBT(1):A_6LBT(1):C,0.7887139916419983
6BZF(2):D_6RCX(1):A,0.0006723005790263
6KPD(1):B_5ERG(1):A,0.0139289051294326
7KBJ(2):J_3NQZ(1):B,0.0022171090822666
6DRH(4):G_6YJP(1):A,0.0163959637284278
6JCK(1):B_5NUP(1):D,0.0016868349630385
1G73(2):B_6XF1(2):D,0.0025364959146827
7LA5(1):A_5MW9(2):G,0.0006694184266962
3R84(19):U_2ES4(3):B,0.0003626979305408
6R3S(1):A_5YK7(1):D,0.0313679687678813
3AMJ(1):A_5YK7(1):D,0.0006437954725697
7LA5(1):B_4NWO(1):B,0.0015814894577488
5CTR(1):C_6BSC(1):B,0.0010550557635724
1TY4(1):D_3R84(19):V,0.0185519345104694
6YJP(1):A_1RP3(4):H,0.0004808185622096
6U3W(1):A_3A0R(1):A,0.001448689145036
5XE3(1):A_6PNQ(1):B,0.0033504681196063
6LBU(1):A_4CXF(1):A,0.0004234380903653
4UDM(1):A_4UDM(1):B,0.95918071269989
5B64(1):A_3H0W(1):B,0.0026972561608999
6B12(2):B_5UIW(1):A,0.000880264386069
3A5Z(1):C_6XZ6(1):B,0.0005460013635456
7UM4(1):B_7DG5(1):A,0.0015199641929939
5MW9(2):F_6F45(1):A,0.0004001568886451
5AUP(1):I_5XE3(1):E,0.0005348432459868
7VKB(1):A_4BFI(1):A,0.0004965397529304
1H3O(2):D_3WXX(4):H,0.0028024325147271
6PNQ(1):A_3R84(19):U,0.0027878959663212
6KPD(1):C_7P99(1):A,0.0235366318374872
7ENH(1):A_7ENH(1):B,0.955935537815094
6CP9(4):G_2FOI(1):B,0.0084688989445567
6GW6(1):A_6GW6(1):B,0.8749906420707703
2BUY(1):A_5WB5(1):A,0.0003149062395095
3OEI(1):D_6RCX(1):A,0.0046782395802438
1Q7L(3):B_2PMS(2):D,0.0053982217796146
3AMJ(1):A_6WEG(1):A,0.0003123929491266
2Y0N(1):E_3AMJ(1):B,0.007718636188656
3FGC(2):C_7UM4(1):B,0.0003643564123194
3EXE(2):E_6HUL(1):B,0.000820368528366
6VW9(1):B_6GW6(1):A,0.0006061291787773
2CZV(1):B_6D0H(1):A,0.0003902800381183
1T3E(1):P_4NWR(4):AT,0.000703610247001
1OFH(1):A_1OFH(1):G,0.0454440861940383
5UIW(1):B_4DGW(1):A,0.000690079992637
3TND(1):B_1TY4(1):B,0.0010570784797891
1TFO(1):B_1T3E(1):B,0.0170064847916364
7DG5(1):B_3EXE(2):H,0.0012874795356765
1TQY(4):G_4CYJ(2):F,0.0010323588503524
5MPO(1):B_6X0A(15):O,0.0004435895534697
4BY6(2):C_6CP9(4):G,0.0144929904490709
2IDO(2):C_6ZT0(1):A,0.0011381382355466
6TI2(1):E_5Y9W(1):B,0.1653713583946228
5JW9(1):B_5OW5(1):A,0.0188321657478809
4C4K(1):T_7MWR(1):B,0.00460862275213
4QX8(2):D_2ZP9(1):J,0.8525834083557129
6GJE(1):A_1G73(2):D,0.0009981618495658
4Y66(2):D_5JNO(1):B,0.113196812570095
2J9U(1):A_2J9U(1):B,0.0012180592166259
3IEY(1):A_6BSC(1):B,0.0004607018199749
5OF3(1):D_2PMS(2):B,0.0004587600415106
4CC4(3):E_1TY4(1):B,0.0028848503716289
3FGC(2):C_5Y26(1):A,0.0010164682753384
7RAG(1):A_7RAG(1):B,0.9016485214233398
6COJ(1):A_1RP3(4):H,0.0002673344279173
2BUY(1):B_2PMS(2):B,0.0007689121994189
5K8J(1):B_7MWR(1):B,0.001451525487937
4DGW(1):A_6XOD(1):A,0.0188307464122772
5UIW(1):A_5OW5(1):B,0.0059550134465098
3M7F(1):A_3AMJ(1):B,0.0008321278728544
5CFF(1):F_4QX8(2):C,0.0072479541413486
1N2D(1):C_4ZIR(1):A,0.0005024425336159
5XKJ(1):C_6TPI(1):A,0.0031333800870925
3Q4H(2):A_4NWR(4):AT,0.0305487550795078
2Y3N(1):C_2Y3N(1):D,0.9893024563789368
4Y66(2):C_4CXF(1):A,0.0008080620900727
3MB2(2):I_7EXZ(2):B,0.0008959002443589
4Y66(2):C_1G73(2):D,0.0126680033281445
2ES4(3):E_5K8J(1):B,0.0610495321452617
3M6M(1):E_2YC4(1):B,0.0010648075258359
5J4A(1):A_7LA5(1):B,0.0026277794968336
4CXF(1):B_2FOI(1):B,0.0004477883339859
4CC4(3):E_4QMF(2):B,0.0016202520346269
4QMF(2):A_4V02(1):C,0.0007029812550172
5K8J(1):B_5KEV(1):A,0.000838702020701
7VKB(1):A_7MWR(1):B,0.0014589743223041
3QVG(2):A_5K8J(1):A,0.0006413091323338
6AKM(1):A_3EXE(2):H,0.0040878290310502
5OW5(1):B_2WP0(1):C,0.0036372826434671
7VD7(1):A_7FAD(2):D,0.0017401336226612
6XZ6(1):A_6XZ6(1):B,0.5633615255355835
7LA5(1):A_6WEG(1):A,0.0009483136818744
6TUN(2):B_7FAD(2):D,0.1619658768177032
1Q7L(3):B_5YK7(1):D,0.0020572119392454
5NUS(1):A_6HPB(1):A,0.0014755347510799
2PTT(1):A_2PTT(1):B,0.4377478361129761
6M2I(1):B_6NKL(1):C,0.2225178480148315
2ZP9(1):G_6KM7(1):A,0.0143725052475929
5J1L(1):B_3ZDM(1):F,0.0010700025595724
7P99(1):C_5MC9(1):B,0.0026104517746716
4NWO(1):B_4QX8(2):D,0.0037444152403622
5B64(1):B_6TI2(1):E,0.0013897093012928
3ZDM(1):E_7V5Z(1):B,0.0066899410448968
2Y0N(1):E_2VUS(2):B,0.0727201029658317
1T3E(1):P_5NT7(1):C,0.008690059185028
1OFH(1):A_2Y0N(1):E,0.0353667400777339
5ERG(1):A_5ERG(1):B,0.993134617805481
4XA9(8):h_2PT7(1):H,0.0014977324753999
1TY4(1):D_5IBW(1):C,0.0008547678007744
3F1I(1):S_1Z6O(1):O,0.0049555958248674
1RP3(4):H_3PUF(3):G,0.0006517684087157
7FAD(2):D_4NWR(4):AT,0.0035257157869637
2QAG(1):B_3Q4H(2):B,0.0014060556422919
7KBJ(2):J_6X0A(15):o,0.0013623051345348
7KBJ(2):J_4Y66(2):C,0.0009134958963841
6XAW(1):B_6MAF(1):C,0.0778799355030059
3M7F(1):A_3M7F(1):B,0.039403386414051
4ZIR(1):B_2PT7(1):H,0.0067416578531265
4NWR(4):AT_5K8J(1):B,0.005237276200205
4BFI(1):B_6TUN(2):B,0.0020321016199886
5IBW(1):C_3LKX(1):B,0.0034948489628732
6XF1(2):D_4WWR(3):D,0.0060064503923058
4V02(1):C_5Y9W(1):B,0.0003318703675176
5WB5(1):A_7ETR(1):A,0.0009115391876548
6GW6(1):B_5NT7(1):D,0.0013496237806975
2VDW(4):G_3TVT(1):B,0.0057349428534507
1RP3(4):H_6GW6(1):B,0.0012698016362264
6XF1(2):D_7KBJ(2):I,0.0018163059139624
7EXZ(2):B_6TUN(2):B,0.0009201128268614
2ZQK(2):D_2WP0(1):C,0.0045168991200625
6POL(2):C_5ZB2(1):A,0.0025553372688591
3A0R(1):B_1N2D(1):A,0.0009126325021497
5OW5(1):A_3M6M(1):E,0.0043706218712031
2WP0(1):A_3F1I(1):S,0.0038602801505476
4CYJ(2):D_2CZV(1):D,0.0009702764218673
7UM4(1):A_1Q7L(3):B,0.0085880430415272
5MC9(1):C_4V02(1):C,0.0005219329614192
6COJ(1):A_2PT7(1):D,0.0012489525834098
2BUY(1):B_2IDO(2):C,0.001497245626524
3H0W(1):A_6XAW(1):A,0.0019666708540171
5CFF(1):F_2XTS(1):C,0.0009673292515799
2CG5(1):B_6AKM(1):B,0.003334546694532
6B12(2):B_6B12(2):D,0.0056432248093187
5WB5(1):A_3LBX(1):A,0.0012035489780828
6X0A(15):O_5IBW(1):C,0.0007598573574796
5OF3(1):D_5OF3(1):E,0.8744317889213562
1TFO(1):B_5KEV(1):B,0.0009376575471833
5B64(1):B_4EXP(1):X,0.0006458375719375
1TFO(1):A_6LBT(1):C,0.0194340888410806
6PNQ(1):B_2XTS(1):D,0.0053955726325511
6WEG(1):A_3L4B(1):D,0.0066690859384834
5MW9(2):G_7DMA(1):B,0.0003414886887185
6TI2(1):E_3NQZ(1):A,0.0038553068879991
5NUS(1):A_2ZQK(2):D,0.0074831978417932
6R3S(1):A_6R3S(1):B,0.8293848037719727
4NL9(2):D_3WXX(4):H,0.0056226137094199
6LBT(1):A_3F1I(1):H,0.0009712550090625
6XOD(1):A_6XF1(2):D,0.0085262851789593
6TPI(1):A_3FGC(2):C,0.0005799391656182
6TRI(1):B_5Y26(1):A,0.0030524269677698
1G73(2):B_1G73(2):D,0.0065394942648708
4ZIR(1):B_5KEV(1):A,0.0007942288648337
3ZDM(1):F_6COJ(1):B,0.0004713154048658
7V5Z(1):B_5JW9(1):A,0.0003702033718582
5Y9W(1):C_6IB8(1):C,0.0017432101303711
5ERG(1):B_1Z6O(1):C,0.0095161590725183
6CP9(4):H_3A5Z(1):D,0.0020429114811122
4C4K(1):O_1TFO(1):A,0.00109159713611
3A0R(1):B_6GND(2):C,0.38007652759552
2IDO(2):D_3A5Z(1):D,0.0026055683847516
1OFH(1):A_2CG5(1):B,0.1271578073501587
3NQZ(1):B_6JCK(1):A,0.0027388401795178
7KBJ(2):J_4BFI(1):B,0.0008584812749177
4BFI(1):B_6MAF(1):C,0.0013648336753249
6U08(2):C_3NYB(1):B,0.002280740533024
2CZV(1):B_3R84(19):V,0.0009270435548387
3LBX(1):A_4V02(1):C,0.0009435109677724
6GJE(1):D_5HY3(1):B,0.0003523141494952
6B12(2):D_1R6O(3):B,0.0032370139379054
7DMA(1):A_7DMA(1):B,0.0756344944238662
3M6M(1):E_6L5K(1):B,0.0006159439799375
6LBT(1):A_1LGH(2):J,0.0003607588878367
7VD7(1):B_4CXF(1):B,0.0006651525036431
7FAD(2):C_7MWR(1):A,0.0027381083928048
4X33(1):A_5MU7(1):B,0.0007565788109786
6IB8(1):C_3A5Z(1):C,0.0102622024714946
4CYJ(2):D_3QVG(2):A,0.0022440056782215
2CG5(1):B_7BY3(1):C,0.0019845925271511
2ZQK(2):D_6KPD(1):C,0.0059405933134257
6YJP(1):C_5NT7(1):C,0.0005140674766153
5XKJ(1):E_6GND(2):D,0.0022095553576946
5MW9(2):F_5MW9(2):G,0.0213085561990737
1H3O(2):C_5C6D(1):C,0.0063855280168354
5Y26(1):A_6HPB(1):B,0.0008494103094562
1GKA(1):B_4EXP(1):A,0.0027566286735236
3EXE(2):H_6TPI(1):C,0.3709278404712677
4C4K(1):O_4PJ2(2):C,0.0099027855321764
6U08(2):C_6YJP(1):A,0.007098535541445
6U3W(1):B_6HUL(1):A,0.0039350725710392
5XKJ(1):E_5NUP(1):D,0.0061188652180135
2BUY(1):A_4C4K(1):O,0.0008333851583302
5XE3(1):E_3CJH(2):I,0.0005545002641156
2XZ0(2):B_4TPS(2):C,0.2781012058258056
5ERG(1):B_2Y0N(1):A,0.0030508746858686
1XG2(1):B_4QMF(2):B,0.00101133226417
7FAD(2):D_6IB8(1):C,0.0095052449032664
6IB8(1):A_3A5Z(1):C,0.0068675782531499
5ZB2(1):A_5XKJ(1):E,0.0210504457354545
5J1L(1):B_2Y9X(2):B,0.0007941822987049
1H3O(2):C_5YK7(1):C,0.2812202870845794
7KBJ(2):J_2PMS(2):B,0.0031782614532858
6IB8(1):C_2PTT(1):B,0.0004685672174673
4TMA(2):F_6AKM(1):A,0.0558598116040229
5J1L(1):A_7ENH(1):A,0.0033338284119963
5OF3(1):D_2FOI(1):D,0.0047600474208593
5MC9(1):B_7C96(1):A,0.0015277191996574
3Q4H(2):B_3TVT(1):A,0.0010676282690837
6U08(2):C_6XRW(1):A,0.001178179285489
5YXY(1):A_5YXY(1):D,0.6323320269584656
3H0W(1):A_5AUP(1):I,0.0008873376646079
7VD7(1):A_3EXE(2):E,0.0009296896168962
5ZB2(1):B_1SV0(2):D,0.1958330571651458
4ZQU(1):B_5NUS(1):B,0.0149034997448325
6JCK(1):B_6GW6(1):B,0.003041255287826
1SV0(2):D_4X33(1):A,0.0021625123918056
3PUF(3):G_5OW5(1):B,0.0452187024056911
2ZP9(1):J_6R3S(1):B,0.0039933193475008
6JCK(1):A_6JCK(1):B,0.7374366521835327
1RP3(4):H_7C96(1):A,0.0008225960191339
6XOD(1):B_2PTT(1):A,0.0005042297416366
5MU7(1):A_4UDM(1):A,0.00206940039061
5J1L(1):A_5XKJ(1):C,0.0069373534061014
3CDK(1):D_7VKB(1):B,0.0181220453232526
3MB2(2):L_3F1I(1):S,0.000545076560229
5Y9W(1):B_2DS2(2):D,0.0031818558927625
6F4J(2):B_7UM4(1):A,0.0009727121796458
5J1L(1):B_2HZS(5):H,0.00160654168576
2YC4(1):B_6DRH(4):G,0.0007490008720196
7BY3(1):C_3TND(1):A,0.1096356883645057
5XE3(1):E_5OW5(1):A,0.0005178121500648
5NUP(1):A_3F1I(1):H,0.0018451720243319
7RAG(1):B_5YXY(1):A,0.0020438742358237
2YC4(1):D_2ZP9(1):G,0.0032137262169271
1G73(2):D_6POL(2):C,0.03547989949584
3L4B(1):D_5NUS(1):A,0.0009572971030138
5IBW(1):A_6TRI(1):A,0.0006303104455582
3CDK(1):D_2J9U(1):B,0.0013421834446489
2Y0N(1):E_6YJP(1):A,0.0013966244878247
7KBJ(2):I_5MU7(1):A,0.0040382156148552
5NUS(1):A_5K8J(1):B,0.0012929732911288
6YJP(1):A_4V02(1):B,0.0017049553571268
6F45(1):D_6F45(1):A,0.0260368008166551
6ZT0(1):AAAA_6YJP(1):A,0.0042459839023649
3TVT(1):A_3TVT(1):B,0.0141820171847939
6IB8(1):A_6IB8(1):C,0.0061730830930173
3LBX(1):A_4C4K(1):T,0.1531694680452346
3GQI(1):B_5KEV(1):A,0.0012485292972996
5E3E(1):B_2CZV(1):D,0.0039494433440268
4KBQ(1):C_3AV0(1):B,0.0015891788061708
5OF3(1):E_2PT7(1):D,0.0007379599846899
2PTT(1):A_3F1I(1):H,0.0007700620335526
6XAW(1):A_7VD7(1):A,0.000708153063897
4PJ2(2):B_6M2I(1):A,0.0354227125644683
4KBQ(1):C_6LBU(1):A,0.0008921134867705
5ZB2(1):B_7BY3(1):C,0.0012957642320543
7V5Z(1):B_3BEG(1):B,0.0010920994682237
5ERG(1):A_5OF3(1):D,0.0009293804760091
4EXP(1):A_2VUS(2):B,0.0045194467529654
2Y0N(1):E_7LA5(1):A,0.0019582253880798
7BY3(1):C_7BY3(1):D,0.5975894927978516
4CYJ(2):D_6F4J(2):D,0.089977279305458
3IEY(1):A_6M2I(1):B,0.000296644953778
4X33(1):A_3H0W(1):B,0.0010713950032368
3QVG(2):A_6JCK(1):A,0.0188654866069555
4WWR(3):C_4UDM(1):A,0.0002484612050466
2XZ0(2):B_5AUP(1):I,0.0010507181286811
2CG5(1):B_6XAW(1):B,0.0052296696230769
2J9U(1):B_2VUS(2):B,0.0275731664150953
4V02(1):C_1TQY(4):H,0.0009530816460028
4Y66(2):D_3Q4H(2):A,0.0098444772884249
6OD1(1):A_4XA9(8):H,0.0005419106455519
5OF3(1):D_1Q5R(1):H,0.0005711570265702
6TRI(1):A_6RCX(1):B,0.0033202951308339
3HUG(6):J_3L4B(1):D,0.0008216911228373
6TUN(2):C_5J1L(1):B,0.4754620194435119
6F45(1):A_1Q5R(1):H,0.0002685442741494
1T3E(1):B_1T3E(1):P,0.0485581010580062
2PMS(2):B_4EXP(1):X,0.0323826819658279
4CC4(3):E_1LGH(2):J,0.000701495911926
3LKX(1):A_2WP0(1):A,0.0255738217383623
4V02(1):C_6YJP(1):A,0.0006087500369176
4WW9(1):B_3A5Z(1):D,0.0051805921830236
6TI2(1):B_6HPB(1):A,0.0058945068158209
6XAW(1):B_4X33(1):B,0.0285951737314462
3AMJ(1):B_3TVT(1):B,0.0007078244234435
6D0H(1):B_7VKB(1):B,0.0023406725376844
6GND(2):D_6TUN(2):B,0.0045921434648334
5KEV(1):B_6U08(2):D,0.0110407099127769
1QDL(1):B_6XAW(1):B,0.0016963303787633
3LKX(1):B_4Y66(2):C,0.0040433104149997
6KPD(1):C_1TFO(1):A,0.0028746239840984
5XKJ(1):C_3QVG(2):A,0.0009701428934931
7EXZ(2):A_2ES4(3):E,0.002877150895074
3ZDM(1):F_4ZK7(1):E,0.0009590128320269
3BEG(1):A_3BEG(1):B,0.7671251893043518
4NWO(1):A_6LBU(1):B,0.0677364468574523
6BSC(1):A_5YK7(1):D,0.0005149217904545
3A0R(1):B_6IB8(1):A,0.00267252814956
4ZQU(1):B_3TND(1):A,0.0093068554997444
6TRI(1):B_4FXE(1):E,0.2968964874744415
3PUF(3):I_4CXF(1):B,0.0039608925580978
5ZB2(1):A_7ENH(1):A,0.0026146152522414
5XE3(1):A_6LBT(1):A,0.0025332090444862
2IYB(2):F_3R84(19):U,0.001810212736018
6NKL(1):C_3QVG(2):B,0.0022990577854216
3OEI(1):B_5MC9(1):B,0.0005859290831722
5JW9(1):B_3QVG(2):A,0.0048373434692621
5NUS(1):A_5NUS(1):B,0.0428314320743083
3CDK(1):C_1LGH(2):J,0.0008142075967043
4ZK7(1):E_3ZDM(1):E,0.0044616544619202
3TND(1):A_2VUS(2):B,0.0011469322489574
1RP3(4):G_3BEG(1):B,0.0013789383228868
3AMJ(1):B_7VKB(1):B,0.002107991836965
3A5Z(1):D_1SV0(2):B,0.0012660777429118
4UDM(1):B_3NQZ(1):B,0.0105228731408715
2ZP9(1):G_6COJ(1):A,0.0117929922416806
6PNQ(1):B_2VUS(2):J,0.0031866552308201
6XF1(2):C_1T3E(1):B,0.0407014675438404
7V5Z(1):D_6X0A(15):O,0.4975045323371887
3EXE(2):H_1SV0(2):D,0.0013297543628141
4QMF(2):B_6R3S(1):B,0.0493413172662258
5AUP(1):A_5OW5(1):A,0.0016727158799767
3AV0(1):A_6KML(1):C,0.0030027765315026
3LKX(1):B_2Y3N(1):D,0.0005050633335486
4KBQ(1):A_1N2D(1):C,0.0055357944220304
5C6D(1):C_6MAF(1):C,0.0158740449696779
2YC4(1):B_2YC4(1):D,0.0395635142922401
3MB2(2):I_4NL9(2):D,0.0010139887453988
6R3S(1):B_4NWR(4):AS,0.0379469543695449
1R6O(3):D_6AKM(1):A,0.0036253903526812
5K8J(1):A_3A0R(1):B,0.0012647706316784
5ERG(1):A_2ZP9(1):J,0.0013650084147229
6HPB(1):A_5KEV(1):B,0.0007519696373492
3CDK(1):D_6IB8(1):C,0.0021531321108341
6D0H(1):A_6D0H(1):B,0.4752506911754608
2Y9X(2):B_2Y9X(2):F,0.0015763517003506
3BEG(1):B_6GJE(1):D,0.0018782091792672
3LBX(1):B_3AMJ(1):B,0.000793773739133
4EXP(1):X_1T3E(1):B,0.0042568300850689
3HUG(6):J_6L5K(1):A,0.0009291729074902
1RP3(4):H_4NL9(2):D,0.0043739890679717
5B64(1):A_3R84(19):U,0.0037621508818119
5JNO(1):B_3TND(1):B,0.0014423212269321
7DG5(1):A_6KML(1):D,0.0025080349296331
1QDL(1):A_6XRW(1):A,0.0015603839419782
6COJ(1):B_4V02(1):B,0.0004486841207835
6LBT(1):A_7C96(1):A,0.0903722494840622
3ZDM(1):F_2FOI(1):D,0.0006606042734347
1SV0(2):B_5OF3(1):E,0.0005176157574169
4BY6(2):C_6GW6(1):A,0.0010972707532346
1G73(2):B_4DGW(1):B,0.0231413058936595
2J9U(1):B_6HUL(1):A,0.000683456484694
4BFI(1):A_4DGW(1):A,0.0004637493111658
6M2I(1):A_6BSC(1):A,0.0001686035539023
6GW6(1):A_2FOI(1):B,0.0006188994739204
3MB2(2):L_6GW6(1):A,0.0009239228675141
3OEI(1):D_3M6M(1):E,0.0171857830137014
3A5Z(1):C_4Y66(2):D,0.0012768631568178
6KM7(1):A_6KZA(2):D,0.031877115368843
2HZS(5):G_5E3E(1):B,0.2421091049909591
7ENH(1):B_6F4J(2):D,0.0327693223953247
4XA9(8):H_4FXE(1):E,0.0006201968062669
1OFH(1):G_1G73(2):B,0.0087546156719326
4X33(1):B_1TQY(4):G,0.0011807981645688
6TUN(2):B_6XAW(1):B,0.0299357492476701
7UM4(1):A_6KM7(1):C,0.0010654532816261
2VUS(2):B_2VUS(2):J,0.0176351424306631
5OF3(1):D_6OD1(1):B,0.0005385081749409
6X0A(15):o_3F1I(1):H,0.0014268399681895
3M6M(1):B_1Z6O(1):O,0.0078095495700836
3ZDM(1):E_2DS2(2):D,0.0005258644814603
5NUS(1):A_6D0H(1):B,0.0008376001496799
3LKX(1):B_3FGC(2):C,0.0004506694094743
6F4J(2):B_7KBJ(2):I,0.0031742199789732
6CP9(4):G_6BZF(2):C,0.012351824901998
6OK1(1):A_3QVG(2):A,0.0008416640921495
7BY3(1):D_5CFF(1):F,0.0007897866307757
6VW9(1):A_3TVT(1):A,0.0012110214447602
6AKM(1):A_4NWR(4):AT,0.0025790783111006
2R6A(1):C_3F1I(1):S,0.0014023201074451
6XOD(1):B_1TFO(1):B,0.4071865379810333
3Q4H(2):A_6TI2(1):B,0.0034058720339089
7DG5(1):B_6TUN(2):C,0.0079316468909382
5XE3(1):E_6NXF(1):B,0.0004607062437571
4CXF(1):A_4CXF(1):B,0.0860350579023361
2ES4(3):E_4FXE(1):E,0.0028602064121514
3MB2(2):I_2XTS(1):C,0.0015596330631524
7VKB(1):B_4ZQU(1):A,0.9555813074111938
3WXX(4):G_2R6A(1):C,0.1368376314640045
6GJE(1):A_5YK7(1):C,0.0011415168410167
4CXF(1):A_5OW5(1):A,0.0009460867731831
3EXE(2):E_4NL9(2):B,0.0040293592028319
4KBQ(1):A_3TVT(1):B,0.0975118577480316
7ETR(1):A_7P99(1):A,0.0011014584451913
3LKX(1):B_2IDO(2):C,0.0009340227697975
3PUF(3):H_3PUF(3):I,0.9419965147972108
6NKL(1):A_5YXY(1):D,0.0019834116101264
6TUN(2):C_1Q5R(1):A,0.0010172994807362
4C4K(1):O_5Y9W(1):C,0.0005665432545356
2CZV(1):B_2XQN(1):T,0.002181114628911
4WWR(3):C_5ZB2(1):B,0.0029576637316495
7DG5(1):B_3TVT(1):A,0.1345803141593933
6IB8(1):C_5CTR(1):A,0.0033493519295006
5YXY(1):D_5MPO(1):C,0.0007329037762247
3V6I(1):B_7EXZ(2):A,0.0007385077187791
4WW9(1):A_3V6I(1):B,0.0046439194120466
4CC4(3):F_6VW9(1):A,0.0027411335613578
2PT7(1):D_6PNQ(1):B,0.001168736256659
1TFO(1):B_3EXE(2):E,0.0051622278988361
5CK3(1):A_6AKM(1):B,0.0020868796855211
6B12(2):D_3F1I(1):S,0.0011142593575641
2CZV(1):B_2CZV(1):D,0.9384737610816956
6RCX(1):B_5IBW(1):C,0.0003735019126906
6KPD(1):B_6U08(2):D,0.0003107162483502
6COJ(1):B_6KPD(1):B,0.0004592980258166
1LGH(2):J_1LGH(2):K,0.9614437222480774
1RP3(4):H_6XOD(1):B,0.0023252766113728
3NYB(1):B_2IYB(2):F,0.0201665181666612
4CYJ(2):D_7C96(1):B,0.0023894917685538
6XAW(1):A_1RP3(4):G,0.0009127607336267
6XRW(1):B_2Y0N(1):A,0.0006442447192966
2FOI(1):D_6XZ6(1):B,0.0003159500774927
6POL(2):C_6POL(2):D,0.0101139191538095
6GJE(1):D_4FXE(1):E,0.0011733857681974
3QVG(2):A_4CYJ(2):F,0.0190848540514707
2R6A(1):C_7DG5(1):B,0.0210911706089973
5Y26(1):B_3A0R(1):A,0.000987772597
3FGC(2):D_5XE3(1):E,0.0012030876241624
1GKA(1):A_1GKA(1):B,0.9528252482414246
7LA5(1):A_7DG5(1):A,0.0022304388694465
1QDL(1):A_3AMJ(1):A,0.0004016054735984
4TPS(2):C_3MB2(2):I,0.0011396311456337
2XTS(1):C_6KM7(1):C,0.0023489247541874
6KM7(1):C_5CK3(1):B,0.0129010211676359
3H0W(1):B_5CK3(1):A,0.0346223600208759
3BEG(1):B_4CC4(3):F,0.0477679744362831
2DS2(2):D_6GW6(1):B,0.0006988021777942
2FOI(1):D_2Y0N(1):E,0.0027063037268817
6KZA(2):D_3HUG(6):J,0.0007825774373486
5CFF(1):F_5WB5(1):A,0.0014873028267174
1TFO(1):B_4CC4(3):E,0.0009943220065906
2ZP9(1):J_6CP9(4):G,0.4027327001094818
5CFF(1):A_4CXF(1):B,0.0005601893644779
5Y26(1):B_4V02(1):C,0.0011031023459509
6OD1(1):A_6OD1(1):B,0.4514685869216919
6YJP(1):A_6F45(1):A,0.0050320606678724
5MW9(2):G_7V5Z(1):B,0.0003972685954067
4ZQU(1):A_3M7F(1):B,0.0066678407602012
6DRH(4):H_7FAD(2):D,0.0161121394485235
6KM7(1):C_3F1I(1):H,0.0022544530220329
6BSC(1):A_7MWR(1):B,0.0072059319354593
6XF1(2):D_3A0R(1):A,0.0005128779448568
4QMF(2):A_7KBJ(2):I,0.0008738238830119
6F4J(2):B_4NWR(4):AT,0.0009885733015835
2XZ0(2):B_2XZ0(2):D,0.0527261272072792
4DGW(1):A_1GKA(1):B,0.0004197793023195
2HZS(5):H_2DS2(2):D,0.000534086197149
4C4K(1):T_5C6D(1):A,0.0452384054660797
3M7F(1):A_5ZB2(1):A,0.0050054988823831
4ZQU(1):A_7V5Z(1):D,0.0076244315132498
6BSC(1):B_4NWR(4):AT,0.0025416417047381
5OF3(1):D_4CXF(1):A,0.0004145906714256
4WW9(1):B_5OW5(1):A,0.0050966399721801
1H3O(2):C_5NT7(1):C,0.0152822667732834
6HUL(1):A_4TPS(2):D,0.0011849299771711
6F4J(2):B_7BY3(1):C,0.0008883600821718
6IB8(1):C_6KML(1):D,0.0091491704806685
5HY3(1):A_4Y66(2):D,0.0131074897944927
5MPO(1):B_1Q5R(1):A,0.0019041553605347
4PJ2(2):C_7V5Z(1):B,0.0019697356037795
2Y0N(1):A_6Y4L(1):A,0.0172787308692932
6XZ6(1):A_6XOD(1):A,0.0414075925946235
7FAD(2):D_6JCK(1):B,0.0339558571577072
6NKL(1):C_5J1L(1):B,0.0032147953752428
5CTR(1):C_1SV0(2):D,0.0258487183600664
2HZS(5):G_2HZS(5):H,0.4494646489620209
3HUG(6):J_7DG5(1):A,0.0015839036786928
6OD1(1):A_3QVG(2):A,0.0018815222429111
6TI2(1):E_5Y26(1):A,0.0008132349466904
6KM7(1):C_2HZS(5):G,0.0059314095415174
3V6I(1):A_1XG2(1):A,0.0018301219679415
4TMA(2):J_7ENH(1):B,0.0019380277954041
2PTT(1):B_6LBT(1):C,0.0032988644670695
3WXX(4):G_5J1L(1):B,0.0015156882582232
5CFF(1):F_6F4J(2):D,0.0307957921177148
5OW5(1):B_6KML(1):C,0.0022540895733982
7ETR(1):C_6KPD(1):C,0.00057996151736
3X37(1):A_3M7F(1):B,0.0065449546091258
5YXY(1):D_7VKB(1):A,0.0008969093905761
4QMF(2):A_2BUY(1):A,0.00077175127808
5J1L(1):A_4ZQU(1):A,0.0033833228517323
5OF3(1):D_4CC4(3):E,0.0005872689653187
3OEI(1):B_2QAG(1):B,0.000651980866678
6TI2(1):B_2IDO(2):C,0.004939810372889
6U3W(1):A_6KPD(1):C,0.0064011639915406
6XRW(1):B_3M6M(1):B,0.001920789014548
4CC4(3):F_2PT7(1):H,0.0031458311714231
1G73(2):D_7UM4(1):A,0.0004948307760059
2HZS(5):G_1OFH(1):A,0.0447864010930061
1Q7L(3):A_6YJP(1):C,0.0015098002040758
6GND(2):D_6Y4L(1):B,0.0022079444024711
4QX8(2):C_7LA5(1):B,0.0020496430806815
6LBT(1):A_4WW9(1):B,0.7739257216453552
6M2I(1):A_6M2I(1):B,0.989661455154419
2WP0(1):C_2CZV(1):B,0.0009075423586182
3L4B(1):D_4ZK7(1):E,0.0409439988434314
7P99(1):A_3V6I(1):A,0.0019892598502337
2CZV(1):B_3NQZ(1):B,0.0003166699025314
6DRH(4):H_7RAG(1):A,0.0094628427177667
1SV0(2):D_3AV0(1):A,0.0010641888948157
1QDL(1):B_3IEY(1):B,0.1773649603128433
5XE3(1):A_6PNQ(1):A,0.0020401128567755
2HZS(5):H_1XG2(1):A,0.0011306507512927
3LBX(1):A_5K8J(1):A,0.0007251829374581
2IDO(2):C_5C6D(1):A,0.0060058212839066
5C6D(1):C_6JCK(1):B,0.0155026363208889
6JCK(1):A_4ZQU(1):A,0.0316243730485439
6TI2(1):B_3H0W(1):B,0.1635890901088714
1G73(2):D_1OFH(1):A,0.0018098017899319
5Y9W(1):B_7DMA(1):B,0.0004263746377546
2PTT(1):A_6LBT(1):C,0.1141805797815322
1TFO(1):B_4FXE(1):E,0.0079486882314085
7V5Z(1):B_7BY3(1):D,0.0042962925508618
6R3S(1):A_4PJ2(2):C,0.0047765458002686
4X33(1):B_3R84(19):V,0.0027193140704184
6KPD(1):B_7VD7(1):A,0.0008709647227078
4CC4(3):E_7ENH(1):B,0.0021471178624778
6LBU(1):A_4DGW(1):B,0.1138815283775329
2CZV(1):B_6WEG(1):C,0.0007949322462081
7DG5(1):B_3AV0(1):B,0.001143078203313
6AKM(1):B_6HPB(1):A,0.0064473724924027
1GKA(1):B_5OW5(1):B,0.0021686367690563
7MWR(1):A_5OF3(1):E,0.4832310080528259
3NQZ(1):A_3NQZ(1):B,0.7742891311645508
1TY4(1):D_5OF3(1):D,0.0005256053991615
6KML(1):C_2CZV(1):D,0.0011914201313629
5MC9(1):B_2FOI(1):D,0.0007925485842861
6F45(1):D_5J4A(1):A,0.1374642848968505
6Y4L(1):A_2HZS(5):H,0.0057227700017392
2XQN(1):A_5HY3(1):A,0.0279543660581111
2XZ0(2):D_5MU7(1):B,0.0024455564562231
4BY6(2):C_6RCX(1):A,0.0005619052099063
6CP9(4):G_1GKA(1):A,0.0021486354526132
1RP3(4):H_5ERG(1):B,0.0008417856297455
5ZB2(1):B_4XA9(8):h,0.0019114409806206
1Z6O(1):C_6KML(1):D,0.0013054705923423
3TVT(1):A_6KM7(1):A,0.1721760928630828
5OF3(1):E_2XZ0(2):B,0.0011646731290966
6COJ(1):B_4ZK7(1):E,0.0028628297150135
3H0W(1):B_5Y26(1):A,0.0064542670734226
6WEG(1):A_6POL(2):D,0.0009079319424927
7C96(1):A_2PMS(2):B,0.0008016285137273
6TPI(1):C_6NXF(1):B,0.0034126003738492
4XA9(8):H_5WB5(1):A,0.0054057408124208
1T3E(1):B_4BFI(1):A,0.0082384860143065
2XTS(1):D_3IEY(1):A,0.0003470288647804
6BZF(2):D_7UM4(1):A,0.0002852531906682
6B12(2):D_4WW9(1):B,0.0840224996209144
2IYB(2):B_6F4J(2):B,0.0197648797184228
3F1I(1):S_3GQI(1):B,0.017351184040308
1Z6O(1):C_5NUP(1):D,0.0014012848259881
7P99(1):C_1Q7L(3):B,0.0020759729668498
7EXZ(2):B_3M6M(1):E,0.0101743480190634
6AKM(1):B_6HUL(1):A,0.0003717743966262
7LA5(1):A_3Q4H(2):A,0.0007755358819849
1GKA(1):B_6COJ(1):A,0.0003686126729007
4BFI(1):B_6TI2(1):B,0.0016508429544046
6XRW(1):B_7UM4(1):B,0.0004486629622988
3TVT(1):B_6MAF(1):C,0.0181066915392875
5XKJ(1):E_4C4K(1):T,0.0012026774929836
2ZQK(2):B_4ZIR(1):B,0.000424311205279
4NWO(1):A_4NL9(2):B,0.0007204081048257
3MB2(2):I_6L5K(1):B,0.0002467287122271
6JCK(1):B_6MAF(1):C,0.0039148554205894
7ENH(1):B_5YK7(1):D,0.0017116414383053
1SV0(2):B_1SV0(2):D,0.9761856198310852
5KEV(1):A_6GJE(1):D,0.0010064288508147
6MAF(1):A_3LKX(1):A,0.0028946136590093
6U08(2):C_2HZS(5):G,0.3315328955650329
6U3W(1):B_4EXP(1):A,0.0021693594753742
6COJ(1):A_4CXF(1):A,0.0013471408747136
5OF3(1):D_3FGC(2):D,0.0002810478908941
2ES4(3):E_5K8J(1):A,0.0076966523192822
5C6D(1):A_5C6D(1):C,0.0300946235656738
4V02(1):B_3L4B(1):B,0.0179051905870437
2PT7(1):H_4QX8(2):D,0.0069140065461397
2R6A(1):B_2R6A(1):C,0.4860291182994842
1XG2(1):A_4NWO(1):B,0.00064449099591
4EXP(1):X_6BSC(1):A,0.0561383850872516
5MPO(1):C_5C6D(1):A,0.002098836004734
1R6O(3):B_6HUL(1):A,0.0011694468557834
6HPB(1):B_6TI2(1):E,0.0004866070812568
7DMA(1):A_3AV0(1):A,0.0025904667563736
2IDO(2):C_3V6I(1):B,0.0026864479295909
6B12(2):D_6R3S(1):B,0.0140345664694905
7V5Z(1):D_6HUL(1):B,0.0014746624510735
5JNO(1):A_6XAW(1):B,0.0852763727307319
4BY6(2):C_1GKA(1):A,0.0007987367571331
3CJH(2):I_3CJH(2):J,0.3652210533618927
3MB2(2):I_6AKM(1):B,0.0057215322740375
4DGW(1):B_6XRW(1):B,0.0003869599022436
3TVT(1):B_6U08(2):C,0.0010055069578811
3PUF(3):G_6IB8(1):A,0.0006227493286132
4Y66(2):D_2Y3N(1):D,0.001160665648058
5CFF(1):F_3AV0(1):B,0.0014557684771716
3Q4H(2):A_5C6D(1):C,0.0023719447199255
4NWR(4):AT_6NXF(1):V,0.0020928364247083
7MWR(1):B_5Y26(1):B,0.0026511673349887
3Q4H(2):A_6F4J(2):D,0.0015988507075235
3LBX(1):B_1Q5R(1):A,0.0009969423990696
6TI2(1):E_4XA9(8):h,0.00436802348122
2VDW(4):G_5XE3(1):A,0.0006566988304257
6HUL(1):B_6AKM(1):B,0.0005276963929645
6OD1(1):B_2J9U(1):B,0.0035683282185345
1GKA(1):A_1T3E(1):B,0.0020096420776098
5ERG(1):A_5C6D(1):C,0.0122372116893529
2PMS(2):D_3LKX(1):B,0.0066743954084813
2VUS(2):B_7RAG(1):A,0.0020003153476864
6DRH(4):H_2ZP9(1):J,0.0353808552026748
3A5Z(1):D_4TPS(2):D,0.1119681373238563
4NL9(2):B_3AV0(1):B,0.001013068947941
5CTR(1):A_5CTR(1):C,0.0337166003882885
3R84(19):V_2XZ0(2):D,0.0039762845262885
7UM4(1):B_2XZ0(2):B,0.0007614810601808
2XQN(1):A_5ERG(1):A,0.0036333308089524
4DGW(1):B_5AUP(1):A,0.0002988962514791
4CXF(1):B_6B12(2):B,0.2219889163970947
5YK7(1):D_4ZK7(1):W,0.0005717917811125
5XKJ(1):E_2J9U(1):A,0.0035723824985325
6GJE(1):A_6GJE(1):D,0.0007368725491687
4NWO(1):A_6ZT0(1):AAAA,0.0004348360525909
3H0W(1):B_3H0W(1):A,0.9278321266174316
6HUL(1):A_5J1L(1):A,0.0040937424637377
5AUP(1):I_6GND(2):D,0.0093019371852278
3NQZ(1):B_5MU7(1):B,0.000640328566078
3NYB(1):B_2R6A(1):C,0.0018074430990964
2VDW(4):H_3CJH(2):I,0.0046229525469243
2PT7(1):H_5ERG(1):A,0.0266172923147678
7C96(1):A_5UIW(1):B,0.0053646876476705
6U3W(1):B_6IB8(1):A,0.0019666615407913
3A5Z(1):C_3ZDM(1):E,0.004352590534836
3MB2(2):I_6GW6(1):A,0.0018366238800808
5UIW(1):A_5UIW(1):B,0.582805871963501
6BSC(1):A_4ZK7(1):E,0.0005153157981112
6F4J(2):D_6PNQ(1):A,0.0034419274888932
5Y9W(1):B_3NYB(1):B,0.0014601945877075
4ZQU(1):A_5E3E(1):B,0.8638094067573547
6VW9(1):B_3NQZ(1):B,0.0013509992277249
5ERG(1):B_6COJ(1):B,0.0004119874793104
7P99(1):A_2VUS(2):J,0.0522263124585151
6TPI(1):C_2PTT(1):A,0.0010902056237682
3H0W(1):A_3LBX(1):B,0.0010163752594962
6IB8(1):A_3PUF(3):I,0.0048084082081913
7C96(1):A_6NKL(1):A,0.0020348809193819
6MAF(1):C_5JNO(1):A,0.3389249444007873
5XKJ(1):E_6BZF(2):C,0.0006737354560755
5UIW(1):B_6RCX(1):A,0.000698797579389
2ES4(3):B_4CC4(3):E,0.003679041750729
1RP3(4):G_1RP3(4):H,0.4794889986515045
3IEY(1):B_5MC9(1):B,0.0009286104468628
5UIW(1):A_2Y3N(1):D,0.001601519412361
3AMJ(1):A_2DS2(2):C,0.0418126136064529
5MC9(1):B_6B12(2):D,0.00126706098672
4WW9(1):A_5MPO(1):C,0.0145028438419103
3HUG(6):I_1GKA(1):A,0.0003638071357272
7DMA(1):A_6L5K(1):B,0.0062339380383491
5J4A(1):A_1RP3(4):H,0.0016510558780282
3QVG(2):A_6X0A(15):o,0.0003965874784626
6X0A(15):o_2CG5(1):B,0.0018123681657016
4TMA(2):F_5NUP(1):A,0.0052309771999716
3A0R(1):B_2ES4(3):B,0.000773952982854
3V6I(1):A_2XQN(1):A,0.0030633425340056
4C4K(1):O_4C4K(1):T,0.2206209301948547
5CFF(1):F_1TY4(1):B,0.0065362760797142
7UM4(1):B_4FXE(1):E,0.0056488788686692
2DS2(2):D_5IBW(1):C,0.0029654174577444
4UDM(1):A_4V02(1):C,0.0007213998469524
4Y66(2):D_5JNO(1):A,0.0139988614246249
4NWR(4):AT_4NWR(4):AS,0.0060476912185549
4WWR(3):C_4ZIR(1):A,0.0007297404808923
6KZA(2):B_5AUP(1):A,0.0006858602282591
4NWR(4):AT_7KBJ(2):I,0.001276921480894
4ZK7(1):E_3CJH(2):J,0.000592999276705
4CC4(3):F_5HY3(1):A,0.0119461007416248
5UIW(1):A_6TPI(1):A,0.004501910880208
6TI2(1):B_1SV0(2):B,0.006082740612328
7VKB(1):A_6XOD(1):A,0.0010650940239429
4WWR(3):D_6KPD(1):C,0.0060075176879763
5OF3(1):D_3WXX(4):G,0.001210230984725
6PNQ(1):A_5Y26(1):A,0.0013141580857336
6OD1(1):A_5AUP(1):A,0.000762810872402
4Y66(2):C_4Y66(2):D,0.9967737793922424
7ENH(1):B_6BZF(2):D,0.0465106256306171
2VDW(4):H_3IEY(1):A,0.0082424646243453
2Y9X(2):F_7VD7(1):A,0.0008092522621154
7FAD(2):D_3BEG(1):A,0.0365475043654441
1LGH(2):K_3QVG(2):A,0.00045984366443
5YXY(1):D_2CG5(1):A,0.0012452221708372
2XZ0(2):D_6TI2(1):B,0.0077133681625127
6RCX(1):A_6F45(1):D,0.0022562998346984
5OF3(1):D_4QMF(2):A,0.0005455204518511
4X33(1):B_6VW9(1):A,0.0011462223483249
6U08(2):D_1TFO(1):B,0.9688603281974792
6OD1(1):A_6DRH(4):G,0.0013531966833397
3TND(1):A_7P99(1):A,0.0012137872399762
1TQY(4):H_3NQZ(1):A,0.0006790292682126
2IDO(2):C_4C4K(1):T,0.0025160426739603
6U3W(1):A_2Y3N(1):D,0.00138279737439
5IBW(1):A_3TVT(1):B,0.0018716424237936
6F45(1):D_4TPS(2):D,0.0010280796559527
3TND(1):B_3A5Z(1):D,0.0637884363532066
5MPO(1):B_3BEG(1):B,0.0057234046980738
2ZQK(2):B_2ZQK(2):D,0.0051001566462218
6GJE(1):A_5CFF(1):A,0.0013673270586878
3TND(1):B_1H3O(2):C,0.0005411887541413
7ENH(1):B_6IB8(1):C,0.0020809120032936
3PUF(3):H_6WEG(1):A,0.0016312864609062
4WW9(1):B_3L4B(1):D,0.0021771953906863
6NKL(1):A_6NKL(1):C,0.9258267879486084
5KEV(1):A_5WB5(1):B,0.0004137219511903
3X37(1):B_7UM4(1):A,0.0006725530838593
3M7F(1):A_3LBX(1):A,0.0194466933608055
3M7F(1):A_4CYJ(2):F,0.0724159330129623
6R3S(1):B_6L5K(1):A,0.0198985878378152
6BZF(2):C_6BZF(2):D,0.1375238597393036
2Y0N(1):A_2Y0N(1):E,0.0658376440405845
2VDW(4):G_5OF3(1):D,0.0025690661277621
6U08(2):D_2CG5(1):A,0.0109771704301238
5KEV(1):B_6KM7(1):A,0.0037456501740962
2Y0N(1):A_7VKB(1):A,0.0007206306327134
3WXX(4):G_4NL9(2):D,0.0037251827307045
6CP9(4):G_6CP9(4):H,0.4304020404815674
1TY4(1):D_7P99(1):A,0.0044729174114763
4TPS(2):D_7UM4(1):B,0.0010246724123135
1Q5R(1):H_6GW6(1):B,0.0078009669668972
7RAG(1):B_5JW9(1):B,0.0021733078174293
6NKL(1):A_3LBX(1):A,0.0021630637347698
2J9U(1):B_1R6O(3):B,0.0021626183297485
6U3W(1):A_4QMF(2):B,0.0759452879428863
6VW9(1):B_2ZQK(2):D,0.0011221562745049
2PMS(2):B_7ENH(1):A,0.0005802949308417
4QMF(2):A_6XRW(1):A,0.0005141897127032
6OK1(1):B_7LA5(1):A,0.0004858476750086
1RP3(4):G_3IEY(1):A,0.1720149219036102
3F1I(1):S_5MW9(2):F,0.0068217935040593
3R84(19):U_7DMA(1):A,0.8077564239501953
6XF1(2):D_3OEI(1):D,0.0013529505813494
4X33(1):A_6BZF(2):D,0.0015552368713542
7P99(1):C_4DGW(1):A,0.0024094046093523
3CDK(1):C_5IBW(1):A,0.0005386978155001
4ZIR(1):B_4CC4(3):E,0.0011244718916714
2PT7(1):H_6XOD(1):B,0.0109486253932118
5J1L(1):A_2VDW(4):H,0.0108357863500714
3GQI(1):A_3GQI(1):B,0.6140813231468201
6DRH(4):H_6F4J(2):B,0.0055117667652666
6POL(2):C_7P99(1):A,0.0085913520306348
1H3O(2):D_6MAF(1):C,0.0022860765457153
2J9U(1):A_2CZV(1):D,0.0091916872188448
3F1I(1):S_4ZQU(1):B,0.0045715938322246
7BY3(1):D_2ES4(3):B,0.0005191867821849
1TFO(1):B_1Q7L(3):B,0.0011606467887759
5XE3(1):E_7ENH(1):A,0.000832266989164
6KM7(1):A_6X0A(15):o,0.0028229351155459
6KZA(2):B_6KZA(2):D,0.090307243168354
7UM4(1):A_7UM4(1):B,0.0005552092334255
7ETR(1):C_1TQY(4):G,0.0023539694957435
6TUN(2):B_1R6O(3):B,0.0182701833546161
4XA9(8):H_1OFH(1):G,0.000992429209873
4CC4(3):E_4XA9(8):h,0.0011590414214879
3CJH(2):I_6BSC(1):B,0.0009206529939547
1XG2(1):A_1XG2(1):B,0.1797527372837066
6POL(2):C_2XQN(1):T,0.0194315817207098
3IEY(1):B_2IYB(2):F,0.0016879852628335
3IEY(1):A_3F1I(1):H,0.0006757852388545
7UM4(1):A_6M2I(1):A,0.0002964148588944
7DMA(1):B_2XTS(1):C,0.0198420938104391
4FXE(1):B_4FXE(1):E,0.889639675617218
5ZB2(1):A_1TQY(4):H,0.0007108180434443
6COJ(1):B_1R6O(3):D,0.0024523022584617
6LBT(1):A_5XKJ(1):C,0.0005309570115059
4V02(1):C_5YK7(1):D,0.000617875426542
2QAG(1):A_7BY3(1):C,0.0005862868856638
2DS2(2):C_2DS2(2):D,0.0175995156168937
7ETR(1):A_3F1I(1):S,0.0009150181431323
1TFO(1):A_2XQN(1):A,0.0292505547404289
5MU7(1):A_3QVG(2):B,0.0042943814769387
5NUP(1):A_5NUP(1):D,0.0032532690092921
5CK3(1):B_3ZDM(1):E,0.003688748460263
4ZIR(1):B_4NL9(2):B,0.0006111235707066
3M7F(1):B_7P99(1):A,0.0302846506237983
5NUP(1):D_6KML(1):C,0.0004974782932549
3PUF(3):I_3AMJ(1):A,0.0041451649740338
4XA9(8):h_6XRW(1):A,0.0012459323043003
5XE3(1):A_7C96(1):A,0.0024168177042156
1LGH(2):J_5ZB2(1):A,0.0006153651629574
2WP0(1):A_6TUN(2):C,0.0700810402631759
5OW5(1):A_5OW5(1):B,0.1757432669401168
4ZIR(1):A_5CFF(1):F,0.0015685725957155
4ZK7(1):W_4ZQU(1):B,0.0130545003339648
1TFO(1):A_1TFO(1):B,0.9829546809196472
5CTR(1):A_4CC4(3):F,0.0269750859588384
6L5K(1):B_6OD1(1):A,0.0004356789577286
4ZK7(1):E_4ZK7(1):W,0.9276140928268432
2FOI(1):B_3BEG(1):A,0.0020281986799091
6XAW(1):B_4BY6(2):B,0.0075109684839844
5J4A(1):A_3OEI(1):B,0.0011599279241636
4ZK7(1):E_2CZV(1):B,0.0072269183583557
6TRI(1):B_7BY3(1):C,0.0597918964922428
6XAW(1):A_4Y66(2):C,0.0051465420983731
5OF3(1):E_5Y26(1):B,0.0018138540908694
7RAG(1):B_4Y66(2):C,0.0023672725073993
5XE3(1):A_5XE3(1):E,0.1091375797986984
6OD1(1):B_3OEI(1):B,0.882264256477356
6MAF(1):C_7EXZ(2):A,0.0116433491930365
5HY3(1):B_5OF3(1):E,0.0005427038413472
7VD7(1):A_6U08(2):D,0.408943772315979
6M2I(1):A_3MB2(2):I,0.0073119509033858
7DG5(1):B_2Y9X(2):F,0.0018070354126393
5MW9(2):F_6WEG(1):A,0.0009662196971476
2J9U(1):A_6HPB(1):B,0.011731319129467
4UDM(1):A_3L4B(1):B,0.0136052966117858
6NXF(1):B_7VD7(1):A,0.0009831552160903
2CZV(1):D_5E3E(1):A,0.002058123704046
7ENH(1):B_7BY3(1):D,0.0010985598200932
6XZ6(1):A_1XG2(1):A,0.0623264238238334
5ERG(1):B_5AUP(1):A,0.0003808732144534
5Y26(1):B_4CYJ(2):D,0.0073644104413688
6XAW(1):B_4NL9(2):D,0.0032308534719049
4Y66(2):D_6AKM(1):A,0.0416186898946762
4CXF(1):A_5Y26(1):B,0.0005649077938869
2PTT(1):B_6Y4L(1):A,0.0013742441078647
1R6O(3):D_4X33(1):B,0.0053363749757409
6BZF(2):C_6TUN(2):B,0.0205392446368932
5Y9W(1):B_5Y26(1):B,0.0004276173713151
2IDO(2):C_1G73(2):D,0.0023332149721682
6MAF(1):C_5NUS(1):B,0.0027164344210177
3MB2(2):I_2QAG(1):B,0.0008067045710049
4UDM(1):B_5JW9(1):B,0.0060598016716539
4KBQ(1):A_3LBX(1):B,0.04931615665555
4QMF(2):A_3EXE(2):H,0.0044526346027851
3ZDM(1):E_4Y66(2):C,0.0186595227569341
5WRV(1):B_4ZIR(1):B,0.0006918341387063
5Y9W(1):C_3CJH(2):J,0.0009937869617715
1RP3(4):H_6GND(2):D,0.003877007169649
2WP0(1):A_2WP0(1):C,0.2827464938163757
4NL9(2):B_4NL9(2):D,0.6766610741615295
3CDK(1):C_3CDK(1):D,0.9882150888442992
6LBU(1):B_4UDM(1):B,0.8284494876861572
6Y4L(1):A_6BZF(2):D,0.0014882406685501
3QVG(2):B_6KM7(1):A,0.0812336802482605
3AV0(1):A_3AV0(1):B,0.886468768119812
7RAG(1):A_5J1L(1):A,0.6018682718276978
3GQI(1):A_2PMS(2):D,0.1325749307870865
1T3E(1):B_6MAF(1):C,0.0290704555809497
1LGH(2):K_4NWR(4):AT,0.0002880267275031
6TPI(1):A_6TPI(1):C,0.083818644285202
6TI2(1):B_3IEY(1):A,0.0020302014891058
6DRH(4):G_6DRH(4):H,0.0032682847231626
6XF1(2):C_6XZ6(1):A,0.0910416468977928
1G73(2):D_6BZF(2):D,0.0459706857800483
1GKA(1):A_3TND(1):A,0.0005854830378666
3M6M(1):B_3M6M(1):E,0.1780978143215179
6COJ(1):A_3PUF(3):G,0.0011013282928615
7BY3(1):D_3AMJ(1):B,0.0016347762430086
6GW6(1):B_5CFF(1):A,0.0009552934789098
6CP9(4):H_6LBU(1):A,0.0443025380373001
6OK1(1):A_6OK1(1):B,0.7655766010284424
4ZQU(1):B_3A0R(1):B,0.0124614657834172
6Y4L(1):A_6Y4L(1):B,0.0437779799103736
5XE3(1):A_7VD7(1):B,0.1356832385063171
3EXE(2):E_3R84(19):U,0.0025366116315126
7EXZ(2):B_4X33(1):B,0.0559015311300754
1R6O(3):B_3LBX(1):A,0.005461027380079
7C96(1):A_7C96(1):B,0.0022628563456237
3V6I(1):A_5MC9(1):B,0.0034224744886159
3L4B(1):D_3LKX(1):A,0.0009116911678574
3M6M(1):E_3Q4H(2):B,0.4271031320095062
3NQZ(1):A_5ZB2(1):B,0.0007238600519485
6HUL(1):A_3LBX(1):B,0.0004714014939963
2IYB(2):F_6F45(1):A,0.000259797234321
3Q4H(2):B_6XRW(1):A,0.016300169751048
2J9U(1):A_6HUL(1):A,0.0097687952220439
5MW9(2):G_2ZQK(2):B,0.0002052171475952
5E3E(1):A_4X33(1):B,0.0068561374209821
2XQN(1):A_3A0R(1):A,0.0015331110917031
3LKX(1):B_2HZS(5):G,0.0035162551794201
4EXP(1):X_1Z6O(1):O,0.0016502133803442
5AUP(1):I_4TMA(2):J,0.0014531982596963
6XOD(1):A_7UM4(1):A,0.0009871061192825
3M7F(1):B_5MU7(1):A,0.0114183761179447
5ZB2(1):A_1TY4(1):D,0.0061463150195777
6XF1(2):D_2BUY(1):B,0.0009486637427471
4BY6(2):B_2HZS(5):H,0.4478817284107208
1H3O(2):C_1R6O(3):B,0.0090002426877617
2R6A(1):C_5KEV(1):A,0.0002329861017642
6M2I(1):A_2DS2(2):C,0.008426739834249
1OFH(1):A_7BY3(1):C,0.0050679142586886
6U08(2):D_3Q4H(2):A,0.0028163115493953
5NT7(1):C_7FAD(2):C,0.0988994240760803
5CFF(1):A_7UM4(1):A,0.0011312594870105
2CZV(1):B_2CG5(1):B,0.0025015017017722
1Z6O(1):C_5ERG(1):A,0.0087410453706979
6TI2(1):E_6TUN(2):B,0.0020787061657756
4BY6(2):C_1H3O(2):C,0.0030501685105264
2IDO(2):D_6PNQ(1):A,0.0016499299090355
5Y26(1):B_5NUS(1):A,0.0043029370717704
3TVT(1):A_4NWO(1):A,0.0004666934546548
6COJ(1):B_5MW9(2):F,0.0003730151220224
4CYJ(2):D_6VW9(1):A,0.0015654482413083
5WB5(1):A_5WB5(1):B,0.1570783704519271
5CK3(1):B_5J1L(1):B,0.0007581041427329
4C4K(1):O_5UIW(1):A,0.0021765022538602
6LBU(1):A_6LBU(1):B,0.3263484835624695
7C96(1):B_4TPS(2):C,0.0043825530447065
2WP0(1):A_4Y66(2):C,0.0172266326844692
5ERG(1):A_5MU7(1):A,0.1347285956144333
3A0R(1):A_6GND(2):D,0.0043029086664319
7FAD(2):D_2J9U(1):A,0.0104470085352659
4PJ2(2):B_6TRI(1):A,0.0181640051305294
2BUY(1):A_3M6M(1):E,0.0009062168537639
1R6O(3):B_2J9U(1):A,0.1024105846881866
6DRH(4):G_4WWR(3):D,0.0044066710397601
2XQN(1):T_3NQZ(1):B,0.0007417921442538
6TRI(1):B_2Y3N(1):D,0.0020921363029628
7FAD(2):D_7VKB(1):B,0.010962389409542
3X37(1):B_5UIW(1):B,0.0070107132196426
5WRV(1):A_4ZK7(1):E,0.0012189204571768
6U3W(1):A_6KM7(1):A,0.0122041422873735
3LKX(1):B_7VKB(1):B,0.0012407056055963
1TFO(1):B_3BEG(1):A,0.0044250870123505
4QMF(2):A_5Y9W(1):B,0.000324063032167
1Z6O(1):O_7UM4(1):B,0.0012888960773125
3CJH(2):J_4NWO(1):B,0.0013103181263431
1H3O(2):D_2ZQK(2):D,0.0035452800802886
7RAG(1):A_5B64(1):A,0.001141591113992
2Y9X(2):B_6RCX(1):B,0.0003193755983375
2ES4(3):E_6B12(2):D,0.0027271332219243
6TUN(2):B_5CTR(1):A,0.0102098351344466
5K8J(1):A_5K8J(1):B,0.9231526851654052
2J9U(1):B_4DGW(1):A,0.0039293388836085
4QX8(2):D_3TVT(1):B,0.0006969319656491
6TUN(2):B_1Q5R(1):A,0.0303949061781168
5Y9W(1):B_5Y9W(1):C,0.0120501965284347
4PJ2(2):B_7UM4(1):B,0.0010616017971187
4V02(1):C_3MB2(2):L,0.001209198613651
6KPD(1):C_1T3E(1):P,0.0057962695136666
5CK3(1):B_6X0A(15):O,0.0008597435080446
5IBW(1):A_2XZ0(2):B,0.0011891791364178
6COJ(1):A_6B12(2):D,0.0039756936021149
6TRI(1):B_4DGW(1):B,0.0017466489225625
2WP0(1):A_3AMJ(1):B,0.0015620327321812
4NWR(4):AS_1T3E(1):B,0.020574877038598
7LA5(1):B_3H0W(1):B,0.0471395663917064
5MU7(1):B_6KPD(1):B,0.3294214606285095
2IYB(2):B_3BEG(1):B,0.257265031337738
1TQY(4):H_2CZV(1):B,0.0006469378713518
6MAF(1):C_3A5Z(1):D,0.0074342424049973
7RAG(1):B_6IB8(1):C,0.0126068508252501
5MU7(1):B_1LGH(2):J,0.0011245870264247
5NUS(1):B_5XKJ(1):E,0.0005100599955767
2Y0N(1):E_4FXE(1):E,0.0019810579251497
5MU7(1):A_7LA5(1):A,0.0005750705604441
2Y0N(1):A_3F1I(1):S,0.0125601328909397
5Y26(1):B_1XG2(1):B,0.0010927155381068
5Y9W(1):B_6HPB(1):B,0.000290452298941
5OW5(1):A_4QX8(2):D,0.0041044391691684
2IYB(2):F_6KZA(2):B,0.0011172853410243
4DGW(1):A_5C6D(1):A,0.0122086619958281
6PNQ(1):A_4ZQU(1):A,0.017548844218254
1GKA(1):A_5XKJ(1):C,0.0269861575216054
3CJH(2):I_2PTT(1):A,0.0009741671965457
2PT7(1):H_2XQN(1):T,0.0087315384298563
6GW6(1):A_6TUN(2):C,0.0004755633999593
4CYJ(2):F_5WB5(1):B,0.0015231856377795
3NQZ(1):B_2CG5(1):B,0.0010098615894094
3F1I(1):S_7DMA(1):B,0.000803843839094
1H3O(2):D_5WB5(1):A,0.0015032349620014
5WRV(1):A_7VKB(1):B,0.0042857937514781
4CXF(1):A_4QMF(2):B,0.0005758884362876
6LBT(1):C_6KM7(1):C,0.0365219004452228
6DRH(4):H_5J1L(1):A,0.0031514721922576
2CZV(1):B_2XQN(1):A,0.0009558192687109
3EXE(2):E_6DRH(4):H,0.007074904628098
5HY3(1):A_5Y26(1):B,0.0035806633532047
1G73(2):D_5UIW(1):B,0.0009305918356403
2Y3N(1):C_6LBU(1):B,0.0036812603939324
6TPI(1):A_5WB5(1):A,0.0005912999622523
3LKX(1):B_2XQN(1):A,0.0065336418338119
2YC4(1):D_5ZB2(1):A,0.0279286131262779
4DGW(1):B_2BUY(1):B,0.0004385720239952
4EXP(1):A_1SV0(2):B,0.0233550500124692
3Q4H(2):A_5IBW(1):A,0.0005893368506804
1GKA(1):B_4QX8(2):C,0.0015782590489834
2ZQK(2):D_6JCK(1):B,0.0020927817095071
3IEY(1):B_1RP3(4):H,0.236833855509758
1RP3(4):G_5MC9(1):C,0.0011531255440786
7LA5(1):A_7LA5(1):B,0.6408106684684753
6X0A(15):o_6XAW(1):A,0.0008686751243658
3M6M(1):B_6DRH(4):H,0.0013088413979858
5OW5(1):A_4QMF(2):B,0.1260048002004623
2PT7(1):H_6COJ(1):A,0.0007973192259669
3PUF(3):G_6AKM(1):B,0.001682897680439
6U08(2):C_2ZQK(2):B,0.0120579423382878
2XQN(1):A_6KPD(1):B,0.0013961723307147
3IEY(1):A_3A5Z(1):D,0.0003735323552973
6NXF(1):B_2Y0N(1):A,0.0205329470336437
6TUN(2):B_3AMJ(1):A,0.0014258580049499
3M7F(1):B_4UDM(1):A,0.0013829238014295
3M6M(1):B_5HY3(1):B,0.0025615054182708
3X37(1):B_3TVT(1):A,0.0021075366530567
6POL(2):C_1TQY(4):G,0.0005235882708802
2IDO(2):C_1T3E(1):P,0.0016622885596007
3NQZ(1):B_7FAD(2):C,0.0011817198246717
6WEG(1):C_1SV0(2):D,0.0010912819998338
1RP3(4):G_3AMJ(1):B,0.000767950026784
1OFH(1):A_2QAG(1):B,0.0034078604076057
6TUN(2):C_4CC4(3):E,0.0020235076081007
6TI2(1):E_5JW9(1):A,0.000853298115544
6BZF(2):D_6KM7(1):C,0.0014162131119519
5NT7(1):D_4EXP(1):A,0.0097311688587069
6VW9(1):A_6VW9(1):B,0.02702546864748
5JNO(1):A_5JNO(1):B,0.0052597247995436
4EXP(1):X_3M6M(1):B,0.0005638048169203
3WXX(4):G_6POL(2):D,0.0012337280204519
1R6O(3):B_4FXE(1):E,0.0846288204193115
6XOD(1):A_7BY3(1):C,0.0007581980898976
3FGC(2):C_3CJH(2):J,0.0005226117209531
2QAG(1):B_3PUF(3):G,0.0139495376497507
3F1I(1):H_6OK1(1):B,0.0012118212180212
5WRV(1):B_5NUS(1):B,0.011638811789453
1Z6O(1):O_3PUF(3):H,0.0046087321825325
1R6O(3):B_1R6O(3):D,0.5274702906608582
4V02(1):C_2Y0N(1):E,0.0023056275676935
3AV0(1):B_5NT7(1):D,0.0005791829316876
4X33(1):A_4X33(1):B,0.0017470811726525
3AMJ(1):A_6XZ6(1):B,0.0040574488230049
4WWR(3):C_6MAF(1):A,0.0045376429334282
4CXF(1):A_4KBQ(1):A,0.0024530501104891
3LBX(1):A_3F1I(1):H,0.2336374372243881
6WEG(1):C_1XG2(1):B,0.0007148999138735
3ZDM(1):E_7BY3(1):C,0.0052985013462603
3M7F(1):B_5MU7(1):B,0.0110296681523323
6OD1(1):A_5B64(1):A,0.0007363702752627
3LKX(1):A_4QX8(2):C,0.0098282136023044
3GQI(1):A_6GJE(1):A,0.0148342894390225
5CTR(1):C_1TFO(1):A,0.007574753370136
6XOD(1):A_3ZDM(1):F,0.9664386510849
5NUP(1):D_6LBU(1):B,0.0052740364335477
7EXZ(2):A_3MB2(2):L,0.0016706063179299
4KBQ(1):A_3LKX(1):A,0.0371696464717388
3H0W(1):A_6M2I(1):A,0.000776186119765
3HUG(6):J_7ETR(1):A,0.2815469801425934
4WWR(3):D_6WEG(1):A,0.0005195425474084
5B64(1):A_5NT7(1):C,0.0052228821441531
6GND(2):D_1T3E(1):B,0.0031963381916284
6COJ(1):A_4XA9(8):H,0.0005122308502905
3X37(1):A_1TQY(4):H,0.0023175263777375
7MWR(1):A_3R84(19):U,0.0023292866535484
2DS2(2):D_2XTS(1):C,0.001022812561132
6L5K(1):A_3A5Z(1):C,0.000664715829771
4TMA(2):J_3HUG(6):J,0.0017744124634191
6RCX(1):A_6KZA(2):B,0.0021158263552933
6XAW(1):A_5CFF(1):F,0.0465417392551898
4XA9(8):h_6RCX(1):A,0.0011878387304022
4DGW(1):A_4DGW(1):B,0.984353482723236
6YJP(1):A_5C6D(1):C,0.0026532460469752
4CYJ(2):D_5MW9(2):G,0.0030687530525028
6Y4L(1):B_5YK7(1):D,0.0025375988334417
2BUY(1):A_4FXE(1):E,0.0011076676892116
2IYB(2):B_6BZF(2):D,0.0023672780953347
3FGC(2):D_4EXP(1):X,0.0003236992924939
6LBT(1):A_7LA5(1):A,0.0010510315187275
4WW9(1):A_1R6O(3):B,0.0052260598167777
5C6D(1):C_5Y9W(1):C,0.0003796076052822
4QX8(2):C_4XA9(8):H,0.0255612023174762
4ZIR(1):B_4EXP(1):X,0.0006882714806124
3A5Z(1):D_3CDK(1):C,0.8474513292312622
3ZDM(1):E_4FXE(1):B,0.004443968180567
2IDO(2):C_4X33(1):A,0.8473168611526489
4ZIR(1):B_5YK7(1):D,0.0005822941893711
1TY4(1):D_1OFH(1):G,0.0025747334584593
3F1I(1):H_6MAF(1):C,0.0019187808502465
4NWO(1):B_6XAW(1):B,0.0027560922317206
1LGH(2):J_1G73(2):D,0.0001996561913983
4NWO(1):A_4NWO(1):B,0.3400147259235382
5JNO(1):A_1TFO(1):A,0.0972456336021423
3R84(19):V_5WRV(1):B,0.0119394166395068
2ZQK(2):D_3IEY(1):A,0.0014875060878694
5HY3(1):B_5UIW(1):A,0.0016246013110503
4ZIR(1):B_5CFF(1):F,0.0010125763947144
4QMF(2):B_4QMF(2):A,0.0096704810857772
6OD1(1):B_5K8J(1):B,0.0105812922120094
6XAW(1):B_5CTR(1):C,0.0070383390411734
3NQZ(1):B_5Y26(1):A,0.0007566043641418
5HY3(1):A_5HY3(1):B,0.9623054265975952
5MU7(1):A_3OEI(1):D,0.0009958398295566
7C96(1):A_3F1I(1):S,0.0021831514313817
6U3W(1):A_5MW9(2):G,0.0013431470142677
4X33(1):A_7P99(1):A,0.0027239772025495
6PNQ(1):B_2Y3N(1):D,0.0015398991527035
4ZIR(1):B_6DRH(4):G,0.0341004878282547
5MPO(1):C_1H3O(2):C,0.0006997145246714
3CJH(2):I_5IBW(1):A,0.0067703793756663
6BZF(2):C_1RP3(4):H,0.0014292573323473
6NKL(1):A_2PMS(2):D,0.0048102661967277
2Y3N(1):C_6L5K(1):A,0.001121029141359
6NKL(1):C_3LKX(1):B,0.001244664308615
6DRH(4):H_6GND(2):C,0.0022678258828818
3HUG(6):I_6B12(2):B,0.0063404953107237
4NL9(2):D_3TVT(1):B,0.0071739805862307
5ERG(1):B_4Y66(2):D,0.1680901944637298
4CC4(3):E_6U3W(1):A,0.0011306969681754
6MAF(1):A_6MAF(1):C,0.9923833012580872
5OF3(1):E_5YK7(1):D,0.0007894457085058
6KML(1):C_2ES4(3):E,0.0011086456943303
6LBT(1):C_3TND(1):A,0.0010828669182956
6B12(2):D_4TPS(2):D,0.1471529006958007
6R3S(1):B_3NYB(1):A,0.0087275318801403
4CC4(3):F_1OFH(1):G,0.0017648719949647
1XG2(1):A_6XF1(2):D,0.0009318397496826
7ENH(1):B_6U08(2):C,0.1230787858366966
3MB2(2):L_3IEY(1):A,0.0003148074902128
2BUY(1):A_2HZS(5):H,0.0006469236686825
3TND(1):A_6F4J(2):B,0.0011369797866791
1TQY(4):H_4QX8(2):D,0.0029335650615394
7FAD(2):D_3FGC(2):C,0.0007961686933413
6PNQ(1):A_6F45(1):D,0.0049402141012251
1G73(2):B_4XA9(8):h,0.0035369112156331
3ZDM(1):E_3ZDM(1):F,0.0045935213565826
4NL9(2):B_5UIW(1):B,0.0034248074516654
1Z6O(1):C_6KM7(1):A,0.0082460325211286
5MPO(1):B_5MPO(1):C,0.2984540164470672
3AV0(1):B_6KPD(1):B,0.0020643833559006
1N2D(1):C_6HUL(1):A,0.0004870423581451
7V5Z(1):B_4Y66(2):C,0.0009819789556786
5MPO(1):B_5B64(1):B,0.0012897937558591
5CFF(1):A_5CFF(1):F,0.0182385947555303
2WP0(1):C_4EXP(1):X,0.000401458266424
4NWR(4):AS_5ERG(1):B,0.0347498431801795
6BSC(1):B_2PMS(2):D,0.0005762942018918
4X33(1):B_2IDO(2):C,0.0021734619513154
3Q4H(2):A_3Q4H(2):B,0.9954279661178588
3L4B(1):D_5IBW(1):C,0.0015867913607507
4BFI(1):A_4NL9(2):D,0.0052183922380208
2CG5(1):B_1R6O(3):B,0.2867091596126556
6Y4L(1):B_5ERG(1):A,0.0045075067318975
2IDO(2):C_3WXX(4):H,0.0009534009150229
3CJH(2):J_1Q7L(3):B,0.0026988289318978
6MAF(1):C_5CK3(1):B,0.0089451596140861
3QVG(2):A_6R3S(1):B,0.0335063673555851
5C6D(1):A_6TUN(2):B,0.012238634750247
6NKL(1):C_3OEI(1):B,0.8108441829681396
5AUP(1):I_3M7F(1):B,0.000523961673025
3EXE(2):H_7DMA(1):B,0.0301777068525552
4KBQ(1):C_1SV0(2):D,0.0040149698033928
3H0W(1):B_5NUS(1):A,0.0226688385009765
2IYB(2):B_5MW9(2):F,0.012973572127521
2Y0N(1):A_6D0H(1):B,0.0007979847723618
6Y4L(1):B_6TUN(2):B,0.0481337532401084
2CG5(1):B_2Y9X(2):F,0.0012866931501775
5J1L(1):A_5ZB2(1):B,0.0024628594983369
6GJE(1):A_3TND(1):A,0.0013732408406212
6JCK(1):A_3V6I(1):B,0.0027628620155155
5Y26(1):A_7VKB(1):B,0.0020159953273832
3TVT(1):B_5WB5(1):B,0.0017460770905017
5NUP(1):D_3R84(19):V,0.0014377764891833
5AUP(1):I_5JW9(1):B,0.0016545604448765
6BSC(1):A_6LBU(1):B,0.0005774807068519
3AV0(1):B_5JNO(1):A,0.0015846692258492
5HY3(1):A_7LA5(1):A,0.001318622729741
3M7F(1):B_3LBX(1):A,0.3695420920848846
2Y0N(1):E_4WW9(1):A,0.0314571857452392
1XG2(1):B_3CDK(1):C,0.0006297244108282
6F4J(2):B_6BSC(1):B,0.0012201337376609
2J9U(1):B_5CFF(1):A,0.0003674649924505
4Y66(2):D_2ZP9(1):G,0.028234165161848
7EXZ(2):B_6M2I(1):A,0.3014992475509643
3Q4H(2):A_5XKJ(1):E,0.0004817605949938
1Q7L(3):A_2VDW(4):G,0.0009013651288114
1SV0(2):B_6HUL(1):B,0.0005535373347811
4PJ2(2):C_3TND(1):B,0.0016725230962038
1XG2(1):A_6IB8(1):C,0.0024665417149662
5B64(1):B_2R6A(1):C,0.0029207144398242
3A0R(1):B_6F4J(2):B,0.0015236927429214
5NUS(1):A_3CJH(2):I,0.0058659524656832
3MB2(2):I_6TI2(1):B,0.001770019182004
5CK3(1):A_5CK3(1):B,0.9722481966018676
6YJP(1):A_5MW9(2):F,0.0004306258342694
3HUG(6):I_3NQZ(1):B,0.001067339326255
1SV0(2):B_3WXX(4):H,0.0008197531569749
6F4J(2):B_6LBU(1):B,0.0030886200256645
2ZQK(2):B_3M6M(1):B,0.0002851577301044
6PNQ(1):B_6R3S(1):A,0.0507896058261394
4UDM(1):A_6MAF(1):C,0.8969569802284241
5NUP(1):A_6XAW(1):A,0.0019611862953752
5MPO(1):C_6IB8(1):C,0.00140494806692
6Y4L(1):A_3LKX(1):B,0.0110815986990928
6XF1(2):D_5CK3(1):A,0.0054367370903491
5XE3(1):E_6XF1(2):D,0.0005636847345158
5IBW(1):A_3BEG(1):A,0.001824616570957
2R6A(1):C_1R6O(3):B,0.1390588134527206
2BUY(1):B_2Y3N(1):C,0.0057972911745309
1QDL(1):B_2J9U(1):B,0.0017806040123105
7LA5(1):A_2WP0(1):C,0.0006943597109057
6HUL(1):B_7RAG(1):A,0.0016451361589133
4CC4(3):F_2CG5(1):A,0.0212383046746253
4EXP(1):A_4EXP(1):X,0.005965263582766
3EXE(2):E_5NUS(1):B,0.0022764347959309
5OF3(1):E_2ZP9(1):J,0.0012951258104294
5CK3(1):B_4UDM(1):A,0.0012659529456868
6HUL(1):A_6HUL(1):B,0.6949608325958252
5J4A(1):B_5K8J(1):B,0.0005734064616262
2Y3N(1):D_3WXX(4):H,0.0261014308780431
1TY4(1):B_4BY6(2):B,0.0057020373642444
4UDM(1):B_2ES4(3):B,0.0018293468747287
7RAG(1):B_6VW9(1):A,0.0031622208189219
7KBJ(2):J_3QVG(2):B,0.0030015064403414
6L5K(1):A_6L5K(1):B,0.9777416586875916
6F4J(2):B_6JCK(1):A,0.1188290417194366
2ES4(3):E_2XZ0(2):D,0.0021591747645288
3IEY(1):A_6LBT(1):C,0.0022208443842828
2ES4(3):B_6JCK(1):B,0.0004091974988114
6M2I(1):A_5JW9(1):A,0.0003623877419158
5Y9W(1):B_4QX8(2):C,0.0017849213909357
1TQY(4):G_1TQY(4):H,0.9897264838218688
1XG2(1):B_6XZ6(1):B,0.0521724186837673
2QAG(1):B_3QVG(2):A,0.0042296405881643
1R6O(3):D_3IEY(1):B,0.0041597723029553
4WW9(1):A_4WW9(1):B,0.0088126081973314
5IBW(1):A_5CFF(1):F,0.0023861832451075
4V02(1):C_4C4K(1):T,0.0012850721832364
5HY3(1):A_6RCX(1):B,0.0021257540211081
6X0A(15):o_2ZQK(2):B,0.0003396934189368
5WB5(1):A_7BY3(1):C,0.0011389831779524
4ZK7(1):E_7DG5(1):A,0.0026058198418468
4KBQ(1):A_4KBQ(1):C,0.089404359459877
5B64(1):A_4KBQ(1):A,0.1072605773806572
1N2D(1):A_7V5Z(1):B,0.0012022084556519
3PUF(3):G_2Y3N(1):D,0.0005127381300553
6U3W(1):A_5OF3(1):D,0.003417762927711
1H3O(2):C_5WB5(1):B,0.0034941683989018
7FAD(2):C_6MAF(1):C,0.0642697662115097
6B12(2):B_7VD7(1):A,0.0812116861343383
6GND(2):C_7UM4(1):B,0.0702395737171173
3GQI(1):A_5Y26(1):A,0.0014745066873729
4QX8(2):D_6KZA(2):D,0.0011483620619401
6XF1(2):D_3AMJ(1):B,0.0007066479302011
3ZDM(1):E_6MAF(1):A,0.8348106145858765
2R6A(1):C_6VW9(1):B,0.0040098056197166
6DRH(4):H_3LBX(1):A,0.0042929383926093
3M7F(1):A_6D0H(1):A,0.0006269702571444
7VKB(1):B_5WB5(1):B,0.0171310454607009
7ETR(1):A_6KPD(1):C,0.0013101689983159
2XTS(1):C_6WEG(1):A,0.0003985263756476
6NKL(1):C_5NUS(1):B,0.0013401709729805
4UDM(1):A_5CTR(1):A,0.0022656365763396
2VDW(4):H_6Y4L(1):B,0.0042226896621286
4KBQ(1):C_5K8J(1):A,0.0004109682049602
6ZT0(1):AAAA_3M7F(1):A,0.0032087319996207
5Y9W(1):B_5IBW(1):C,0.0005726178060285
7VD7(1):A_4UDM(1):B,0.1501732915639877
3AV0(1):A_6YJP(1):C,0.0009732790058478
3LBX(1):B_5OF3(1):E,0.0006999332690611
1H3O(2):D_3CDK(1):C,0.0007944767712615
2IDO(2):C_4NWR(4):AT,0.0129584623500704
6TRI(1):A_6TRI(1):B,0.9920065999031068
6X0A(15):O_5NUP(1):D,0.0018016514368355
6HPB(1):A_6HPB(1):B,0.4397020637989044
6NXF(1):B_2QAG(1):B,0.0982504561543464
5ERG(1):A_6DRH(4):G,0.0013722353614866
3LBX(1):B_5MC9(1):B,0.0341129936277866
6GW6(1):B_6TRI(1):A,0.0485731586813926
7LA5(1):A_2FOI(1):D,0.0007578448276035
4TMA(2):J_7DG5(1):A,0.00162811181508
3TND(1):A_5NUP(1):D,0.0033771900925785
4WW9(1):A_6LBT(1):C,0.0092556783929467
6KPD(1):B_4XA9(8):h,0.0014654085971415
4CYJ(2):D_4CYJ(2):F,0.042006354779005
3CJH(2):J_3OEI(1):D,0.0005682213231921
1TFO(1):A_6GW6(1):B,0.002721466589719
5YXY(1):A_5MC9(1):B,0.0006141107296571
3MB2(2):I_7EXZ(2):A,0.0015381991397589
3TND(1):B_1G73(2):D,0.0009128550882451
6KPD(1):C_6OD1(1):B,0.0014019020600244
2Y0N(1):E_5CTR(1):C,0.0126317627727985
7P99(1):A_5IBW(1):C,0.0052272165194153
6KM7(1):A_5ZB2(1):A,0.0385903492569923
3TVT(1):A_5CTR(1):A,0.0198006406426429
5MU7(1):B_6KML(1):C,0.0008887385483831
6DRH(4):G_5HY3(1):A,0.0138796232640743
5ZB2(1):A_3OEI(1):B,0.0006994425202719
6BSC(1):A_6BSC(1):B,0.1406853049993515
2IDO(2):C_1SV0(2):D,0.0102403340861201
2Y9X(2):B_6AKM(1):B,0.000220785208512
6NXF(1):B_6NXF(1):V,0.609176516532898
7MWR(1):A_2IYB(2):F,0.0057374560274183
2CG5(1):A_2CG5(1):B,0.1512409895658493
6TUN(2):C_4BFI(1):B,0.0024268066044896
7BY3(1):C_7ENH(1):B,0.0009974559070542
5KEV(1):A_5KEV(1):B,0.3672680556774139
4V02(1):B_3OEI(1):D,0.0011391572188585
7C96(1):B_1Q5R(1):A,0.000880398612935
4DGW(1):A_4QX8(2):D,0.0005974803352728
1TQY(4):H_4CC4(3):F,0.0007807226502336
6GJE(1):A_6D0H(1):A,0.0012923625763505
6GJE(1):A_3NQZ(1):A,0.0007485641981475
4NWR(4):AT_3QVG(2):A,0.0011829269351437
5NUP(1):D_5YK7(1):C,0.0005733140860684
3WXX(4):G_5ERG(1):A,0.0024185231886804
6AKM(1):A_7MWR(1):A,0.0020160826388746
6GW6(1):A_5C6D(1):A,0.0029162378050386
3NYB(1):B_6MAF(1):A,0.0292750503867864
6KM7(1):A_6KM7(1):C,0.1393679082393646
3PUF(3):G_3PUF(3):I,0.3076103627681732
2J9U(1):A_6XZ6(1):B,0.0067740422673523
5WB5(1):A_5YXY(1):D,0.0006421109428629
4FXE(1):B_6F45(1):D,0.0004080324724782
2VDW(4):H_5OW5(1):A,0.004922806750983
1G73(2):B_3MB2(2):L,0.002601470099762
5NUS(1):A_2WP0(1):A,0.0158790647983551
1QDL(1):A_1H3O(2):C,0.0008240638999268
7KBJ(2):I_4DGW(1):A,0.0012703442480415
2YC4(1):D_3HUG(6):I,0.0007744794129393
7ENH(1):B_1Z6O(1):C,0.0010559291113168
6ZT0(1):AAAA_4XA9(8):h,0.0007470640703104
5MC9(1):C_5WRV(1):A,0.0019819755107164
5Y26(1):A_5Y26(1):B,0.7974779009819031
7ETR(1):A_7ETR(1):C,0.6069730520248413
7DG5(1):A_7DG5(1):B,0.9857584238052368
5YK7(1):C_7ENH(1):A,0.0030414245557039
7DG5(1):A_6IB8(1):A,0.0012196985771879
5NUP(1):D_4Y66(2):D,0.0004959319485351
2ES4(3):E_4XA9(8):H,0.0005839401273988
6Y4L(1):A_6MAF(1):C,0.0022112485021352
4V02(1):C_6OD1(1):A,0.0015079117147251
6GJE(1):D_6X0A(15):o,0.0009600258199498
1TFO(1):A_3M7F(1):A,0.0073955124244093
6ZT0(1):A_6HPB(1):A,0.0016417431179434
5MU7(1):B_7RAG(1):B,0.0005010298336856
6TPI(1):C_3TVT(1):A,0.0023985418956726
1R6O(3):D_7P99(1):C,0.0020398059859871
7ENH(1):A_1TFO(1):B,0.9501588940620422
7EXZ(2):A_7EXZ(2):B,0.9835968613624572
4FXE(1):B_2IDO(2):C,0.008916413411498
4NWO(1):B_6R3S(1):B,0.0050775408744812
3IEY(1):A_5C6D(1):A,0.0007224421133287
6U3W(1):B_5CTR(1):C,0.0018258647760376
3A5Z(1):D_4UDM(1):A,0.0036324970424175
1Q7L(3):A_1Q7L(3):B,0.9109588265419006
3TVT(1):B_5NUS(1):A,0.0330219455063343
7VD7(1):A_6NXF(1):V,0.001731690368615
5ERG(1):B_4BFI(1):A,0.0005519773112609
6TI2(1):E_2PMS(2):D,0.007215155288577
3M6M(1):B_6OD1(1):B,0.0091693410649895
2CZV(1):B_6XRW(1):B,0.0006549768149852
6R3S(1):B_7C96(1):A,0.0080121792852878
1TY4(1):B_4CYJ(2):D,0.0026558847166597
3R84(19):V_1SV0(2):D,0.0018025082536041
1QDL(1):A_3Q4H(2):B,0.0019938868936151
6VW9(1):A_5XKJ(1):E,0.0006802363204769
6BZF(2):D_4UDM(1):B,0.0017982962308451
7VKB(1):A_6BZF(2):C,0.031167272478342
2ZQK(2):D_4XA9(8):h,0.0044703017920255
5CTR(1):C_5Y26(1):A,0.0015211493009701
5E3E(1):A_2YC4(1):D,0.0013862242922186
6HPB(1):B_2J9U(1):B,0.0014587979530915
6X0A(15):O_4X33(1):A,0.0142431110143661
6B12(2):D_4CYJ(2):D,0.0046134418807923
6YJP(1):A_3PUF(3):H,0.0035104556009173
3Q4H(2):B_1TY4(1):D,0.0007529469439759
4TPS(2):C_6LBU(1):B,0.9136857986450196
6BZF(2):C_7KBJ(2):J,0.0090577034279704
3NYB(1):A_3NYB(1):B,0.0071642743423581
1Z6O(1):C_1Z6O(1):O,0.8910996317863464
4DGW(1):B_6COJ(1):A,0.0003809545305557
6GJE(1):D_5KEV(1):B,0.0008547302568331
4TPS(2):D_6YJP(1):A,0.0007601000252179
4ZQU(1):B_3CDK(1):D,0.015022768639028
3CDK(1):C_2XTS(1):C,0.0012408846523612
5ZB2(1):A_7KBJ(2):I,0.0020204037427902
7LA5(1):B_4FXE(1):E,0.0009305886924266
5UIW(1):A_5CK3(1):A,0.0004331798991188
3M6M(1):B_5Y26(1):B,0.0013521120417863
7ENH(1):A_1XG2(1):B,0.0006964522763155
1TY4(1):D_6COJ(1):A,0.0013091504806652
4QMF(2):B_7MWR(1):B,0.0019657313823699
1G73(2):D_3AV0(1):B,0.0003879133437294
5MC9(1):C_3R84(19):V,0.0143150258809328
5WB5(1):A_5JW9(1):A,0.0029851964209228
6U08(2):C_3X37(1):B,0.0248943995684385
1Q5R(1):A_1Q5R(1):H,0.9846842885017396
6XAW(1):A_1GKA(1):B,0.0008689814130775
4X33(1):B_1G73(2):D,0.2567902505397796
5KEV(1):B_4BY6(2):C,0.0138370618224143
2VDW(4):G_2VDW(4):H,0.9397478103637696
6COJ(1):B_2CG5(1):B,0.001611657324247
6CP9(4):G_4EXP(1):X,0.0021680798381567
6XZ6(1):A_2ZQK(2):B,0.0027304915711283
4EXP(1):X_5MPO(1):B,0.0004021916247438
6KZA(2):D_6TUN(2):B,0.0016043863724917
5CK3(1):A_6KML(1):C,0.0009968080557882
6AKM(1):A_3M7F(1):B,0.001157943974249
3NQZ(1):B_2XZ0(2):B,0.0005274231079965
5JW9(1):B_3CDK(1):D,0.0007412221748381
3A5Z(1):D_1N2D(1):A,0.0005780650535598
5OF3(1):D_5YXY(1):A,0.5401007533073425
5UIW(1):B_5C6D(1):C,0.0018555428832769
6KML(1):C_1T3E(1):B,0.0048539312556385
2XQN(1):A_6NKL(1):A,0.0013345432234928
2WP0(1):C_6U3W(1):B,0.0581915192306041
7FAD(2):D_5NUP(1):A,0.0017518962267786
2VUS(2):J_7BY3(1):D,0.0005705475923605
6POL(2):D_3Q4H(2):B,0.0007048796978779
2Y0N(1):E_2ZP9(1):G,0.1189334839582443
1R6O(3):D_2Y3N(1):D,0.0011938125826418
5NT7(1):D_3LBX(1):B,0.0093839429318904
6F45(1):D_7P99(1):A,0.0009169922559522
1TQY(4):H_5CTR(1):A,0.0014257092261686
6IB8(1):A_6XRW(1):A,0.0017871130257844
2XQN(1):A_2PTT(1):A,0.0061861355789005
6XRW(1):A_3NQZ(1):B,0.000317766185617
1Q7L(3):A_5OF3(1):E,0.0009375422960147
6OD1(1):A_5JW9(1):A,0.0014508262975141
4DGW(1):B_5KEV(1):B,0.0015011086361482
6GJE(1):A_6KML(1):D,0.0021414938382804
5MC9(1):B_3AMJ(1):B,0.0007831801194697
7ENH(1):B_5IBW(1):C,0.0022405409254133
4QX8(2):C_4QX8(2):D,0.0050213234499096
1T3E(1):P_6HUL(1):B,0.0007122477400116
7UM4(1):A_7VD7(1):A,0.0004295744001865
4BY6(2):B_5UIW(1):A,0.0006374721997417
5UIW(1):A_6WEG(1):A,0.0007024927181191
3ZDM(1):F_6F45(1):A,0.0004675376985687
6ZT0(1):A_6ZT0(1):AAAA,0.2692252993583679
6NXF(1):B_5HY3(1):B,0.0007094395114108
5C6D(1):A_7ETR(1):C,0.0010882371570914
3H0W(1):B_5MC9(1):C,0.0048752832226455
2ZP9(1):G_5Y26(1):A,0.0026811729185283
6MAF(1):C_6BSC(1):B,0.0018133205594494
3OEI(1):B_3L4B(1):D,0.0009785797446966
4V02(1):B_3V6I(1):A,0.5404514074325562
6R3S(1):A_7ETR(1):A,0.0011509614996612
6F45(1):D_5ERG(1):B,0.0006678403005935
2BUY(1):A_5ERG(1):A,0.0006139474571682
1TQY(4):G_4NWO(1):B,0.0127023486420512
2IDO(2):D_7MWR(1):B,0.001200599479489
7ETR(1):C_4X33(1):B,0.0007245425949804
7C96(1):B_5Y9W(1):B,0.0007442611386068
7EXZ(2):A_4FXE(1):E,0.0017108723986893
4NWR(4):AS_6KPD(1):C,0.0094118602573871
5Y9W(1):B_5NUS(1):B,0.0004230271442793
6XRW(1):A_6XRW(1):B,0.9260438680648804
1R6O(3):B_6TI2(1):E,0.0063900616951286
6TPI(1):A_5NUP(1):A,0.0119545115157961
4NL9(2):B_2FOI(1):B,0.001400065026246
6TUN(2):C_5KEV(1):A,0.0140422014519572
1G73(2):B_6L5K(1):A,0.0056587574072182
3NQZ(1):B_2ZQK(2):B,0.1332600861787796
6U3W(1):B_3A0R(1):A,0.0027247180696576
7MWR(1):A_6U3W(1):B,0.0015270850853994
2VDW(4):G_4XA9(8):h,0.0018821797566488
6KPD(1):B_2XTS(1):C,0.0004241256101522
3M7F(1):B_3LKX(1):B,0.0050634029321372
6XZ6(1):A_4ZIR(1):A,0.0042178020812571
5ERG(1):B_7FAD(2):D,0.0054260264150798
3A0R(1):A_3A0R(1):B,0.9775535464286804
7KBJ(2):I_6U3W(1):B,0.0020935265347361
4XA9(8):H_6HUL(1):B,0.0005645525525324
7KBJ(2):J_4X33(1):B,0.0015279439976438
4NWO(1):B_7VKB(1):B,0.0031845867633819
4ZIR(1):B_4QX8(2):D,0.0012479365104809
7KBJ(2):I_7KBJ(2):J,0.0177835300564765
5J1L(1):A_6KML(1):C,0.0012186743551865
2PT7(1):D_2ZQK(2):B,0.0028841537423431
5HY3(1):A_5UIW(1):B,0.0013807524228468
3HUG(6):I_6XAW(1):B,0.0019244188442826
6Y4L(1):A_6U08(2):C,0.0025554466992616
3OEI(1):B_3OEI(1):D,0.9874873161315918
5NT7(1):C_3M6M(1):E,0.0011650692904368
2ES4(3):E_5B64(1):B,0.0009276316268369
2ZQK(2):D_4ZIR(1):B,0.0021489094942808
5YK7(1):C_2VDW(4):H,0.0069615598767995
5IBW(1):C_7DG5(1):A,0.0132500138133764
6VW9(1):A_2QAG(1):A,0.0013080904027447
6BZF(2):D_2R6A(1):C,0.0024310087319463
7UM4(1):A_3EXE(2):E,0.0016660699620842
6B12(2):D_2PMS(2):D,0.0053918249905109
5CFF(1):F_3F1I(1):S,0.0358161889016628
2XZ0(2):B_6KML(1):C,0.0033292099833488
6MAF(1):A_7DMA(1):A,0.0289249420166015
2QAG(1):A_6OD1(1):A,0.0008194407564587
7VD7(1):A_5WRV(1):A,0.0011543593136593
4BY6(2):C_2BUY(1):B,0.0007035063463263
5KEV(1):A_2QAG(1):B,0.0014096630038693
6TUN(2):B_3X37(1):B,0.0050309957005083
2XTS(1):C_5YK7(1):C,0.000711397791747
6PNQ(1):A_6MAF(1):A,0.0029454061295837
4ZQU(1):B_7FAD(2):C,0.1233546137809753
4CC4(3):E_4CC4(3):F,0.0751930922269821
3A0R(1):A_4EXP(1):X,0.0019976240582764
4ZQU(1):B_6NKL(1):C,0.1605601459741592
5MC9(1):C_5ZB2(1):A,0.0026024139951914
5WRV(1):A_5JNO(1):B,0.0143251214176416
5J1L(1):A_6HUL(1):B,0.0023014752659946
4BY6(2):B_7EXZ(2):A,0.0007295168470591
6TUN(2):B_6TUN(2):C,0.0005264419596642
6JCK(1):B_1RP3(4):G,0.0008751878631301
5Y9W(1):B_6CP9(4):H,0.0007700788555666
1N2D(1):A_6VW9(1):A,0.0009276478667743
2J9U(1):B_5YXY(1):D,0.0005442802212201
7V5Z(1):B_1T3E(1):P,0.0013130452716723
2Y9X(2):F_7C96(1):A,0.0062065520323812
6VW9(1):B_3NQZ(1):A,0.0072594028897583
2Y0N(1):E_5ERG(1):A,0.0359222516417503
5AUP(1):A_7LA5(1):A,0.0005498687387444
4CYJ(2):D_7RAG(1):B,0.0014402508968487
4DGW(1):A_6F45(1):A,0.0003040956216864
7BY3(1):C_7ENH(1):A,0.0014023655094206
4NL9(2):D_4QMF(2):A,0.0031537706963717
3NQZ(1):B_4QX8(2):D,0.0022561023943126
6Y4L(1):A_4KBQ(1):C,0.0272364765405654
2CG5(1):B_7EXZ(2):B,0.0012739580124616
7RAG(1):A_4Y66(2):D,0.001491809845902
3H0W(1):A_5CK3(1):A,0.047071672976017
3MB2(2):L_6CP9(4):G,0.0041590589098632
6TRI(1):B_3M7F(1):B,0.0017439421499148
6YJP(1):C_5JW9(1):A,0.0007918567280285
2IYB(2):B_3OEI(1):B,0.001029793638736
5NT7(1):D_6GW6(1):A,0.0007327508646994
2QAG(1):A_6JCK(1):B,0.0227246657013893
4CC4(3):F_5K8J(1):B,0.0006971309194341
6JCK(1):B_6TRI(1):B,0.0014531388878822
3PUF(3):H_2PTT(1):A,0.0078798187896609
6L5K(1):A_6M2I(1):A,0.000296245329082
7P99(1):A_7P99(1):C,0.7101727724075317
6BZF(2):C_6CP9(4):H,0.573184609413147
6MAF(1):A_7MWR(1):B,0.001847258885391
2Y9X(2):F_5YK7(1):D,0.0019603762775659
2XZ0(2):D_6GW6(1):A,0.0016287952894344
5AUP(1):I_7UM4(1):B,0.60088711977005
6GW6(1):B_3M6M(1):B,0.0051669860258698
3M7F(1):A_5C6D(1):C,0.0314191132783889
6D0H(1):A_6Y4L(1):B,0.0011630041990429
4BY6(2):B_4BFI(1):A,0.000454120861832
7DMA(1):B_6F45(1):A,0.0078199608251452
2Y3N(1):D_6TUN(2):B,0.0008121301652863
4BFI(1):B_5Y9W(1):C,0.1135690286755561
6XF1(2):D_6XRW(1):A,0.0008298058528453
5XKJ(1):C_4EXP(1):X,0.0319168753921985
2XZ0(2):D_3L4B(1):D,0.0056629120372235
2XZ0(2):B_7EXZ(2):B,0.7236253619194031
2DS2(2):C_6IB8(1):C,0.0133658573031425
6XOD(1):A_3TVT(1):A,0.0062081045471131
5ZB2(1):A_4ZQU(1):B,0.0321751870214939
7P99(1):A_2PMS(2):B,0.0020624019671231
2QAG(1):A_2ZP9(1):G,0.0015353778144344
2PT7(1):H_1G73(2):D,0.0050519932992756
1LGH(2):K_6D0H(1):B,0.0005924453726038
4NL9(2):D_1Q5R(1):A,0.0038188507314771
3V6I(1):A_3OEI(1):D,0.0038356615696102
6DRH(4):H_6KM7(1):A,0.0210724100470542
3X37(1):B_4XA9(8):H,0.0315357744693756
4QX8(2):D_5J4A(1):B,0.0207465477287769
6RCX(1):B_7ETR(1):A,0.0662805289030075
3BEG(1):B_3TND(1):B,0.0326354838907718
6JCK(1):B_1G73(2):D,0.0372571423649787
1Z6O(1):O_7P99(1):C,0.0035421890206635
7P99(1):A_2XTS(1):D,0.0013466302771121
5B64(1):A_6BZF(2):D,0.0006424451712518
4BY6(2):B_4BY6(2):C,0.97754567861557
6U3W(1):A_3M6M(1):B,0.0014738910831511
4BY6(2):B_6F45(1):A,0.0003587626270018
3NYB(1):B_2Y0N(1):E,0.1464690715074539
7C96(1):B_1Z6O(1):O,0.0014749560505151
2BUY(1):A_5Y9W(1):C,0.0016590859740972
6BSC(1):B_7DG5(1):A,0.0013204487040638
4ZQU(1):A_4X33(1):B,0.0041880505159497
2XQN(1):T_3EXE(2):E,0.0109385503455996
6YJP(1):A_3R84(19):U,0.0013425573706626
4NWR(4):AS_5WB5(1):B,0.0499075800180435
7V5Z(1):D_2VDW(4):H,0.0079698925837874
7P99(1):C_2YC4(1):B,0.0132482796907424
7P99(1):C_7DMA(1):B,0.001354323583655
6U3W(1):A_5Y26(1):A,0.1179353073239326
6OD1(1):A_3L4B(1):D,0.0005850032903254
6F45(1):A_5MU7(1):B,0.0004157271177973
3PUF(3):I_2J9U(1):A,0.0027957723941653
3CJH(2):I_6XZ6(1):B,0.000781821552664
6KPD(1):C_6KPD(1):B,0.0576708540320396
1SV0(2):D_2R6A(1):C,0.0120792789384722
2IYB(2):F_7BY3(1):D,0.0007247180328704
2IYB(2):F_7ETR(1):C,0.0005164391477592
3OEI(1):B_6KM7(1):A,0.0017179249553009
5JW9(1):A_2XQN(1):A,0.0030786783900111
3NQZ(1):A_6KZA(2):B,0.0019536614418029
3M6M(1):E_3WXX(4):G,0.8673470616340637
1Q7L(3):A_6KPD(1):B,0.0015913031529635
3AMJ(1):B_6RCX(1):B,0.0403928086161613
1T3E(1):B_5UIW(1):B,0.0117667308077216
6ZT0(1):A_1Q7L(3):B,0.0194969717413187
5Y9W(1):C_3ZDM(1):F,0.0006398176774382
5WRV(1):A_3X37(1):B,0.0672572925686836
6BZF(2):D_1Z6O(1):O,0.0031833264511078
3F1I(1):S_6COJ(1):A,0.0004009495896752
2IDO(2):D_7ETR(1):C,0.0012115394929423
5NT7(1):D_3A0R(1):B,0.0009493383113294
4CC4(3):F_5Y9W(1):C,0.0054567167535424
7ENH(1):B_4X33(1):A,0.0018647796241566
3M7F(1):A_6NKL(1):A,0.0008844676194712
4BFI(1):B_4QMF(2):B,0.0003141218621749
3F1I(1):H_2IDO(2):D,0.0057434677146375
6LBT(1):C_5WRV(1):A,0.393551230430603
2PMS(2):B_5OW5(1):B,0.011033465154469
6RCX(1):A_6RCX(1):B,0.9311828017234802
6ZT0(1):AAAA_5JNO(1):B,0.0006326923612505
4CC4(3):E_3M7F(1):B,0.0080885142087936
3V6I(1):A_7KBJ(2):I,0.0028573777526617
4NL9(2):B_5MU7(1):A,0.0042690387926995
5E3E(1):A_5E3E(1):B,0.9235603213310242
3MB2(2):I_5C6D(1):C,0.0011536348611116
4CC4(3):E_1N2D(1):A,0.001082926755771
1SV0(2):B_3NYB(1):A,0.0061747394502162
2R6A(1):B_4CC4(3):F,0.0013079390628263
4C4K(1):O_3A5Z(1):C,0.0012947465293109
6L5K(1):A_3IEY(1):B,0.001577302115038
6TRI(1):B_7C96(1):A,0.0018708275165408
6XOD(1):A_5MU7(1):B,0.0109278876334428
2QAG(1):A_2QAG(1):B,0.8968471884727478
3FGC(2):D_7DMA(1):B,0.0026338449679315
2BUY(1):B_3HUG(6):I,0.0018834513612091
5JW9(1):B_6F45(1):D,0.0012135757133364
5ERG(1):B_4CYJ(2):F,0.0488855428993701
6GND(2):C_6GND(2):D,0.8610738515853882
4FXE(1):E_3BEG(1):B,0.0650939494371414
7P99(1):A_5Y9W(1):C,0.0016709499759599
7ETR(1):A_3F1I(1):H,0.0012009242782369
4QX8(2):C_6R3S(1):A,0.6163593530654907
3IEY(1):A_2Y3N(1):C,0.0005239025340415
5NT7(1):C_4WWR(3):D,0.0018524351762607
5YXY(1):D_4CYJ(2):F,0.000513466366101
6XRW(1):A_6D0H(1):A,0.0012064897455275
2FOI(1):B_2FOI(1):D,0.0779935121536254
1LGH(2):J_6IB8(1):A,0.0005560864810831
6L5K(1):A_5Y9W(1):C,0.0046495720744132
5XKJ(1):C_3V6I(1):B,0.0012108449591323
6GND(2):C_5C6D(1):C,0.0020418143831193
6KPD(1):B_3NYB(1):A,0.0045308121480047
6LBT(1):A_3OEI(1):D,0.0014576722169294
3BEG(1):A_1T3E(1):P,0.0266020912677049
5MW9(2):G_5WRV(1):B,0.0190528165549039
5NUS(1):A_2J9U(1):A,0.0046129007823765
6PNQ(1):B_6DRH(4):H,0.0241577997803688
7EXZ(2):B_4WWR(3):D,0.0003563376958481
4CC4(3):F_6LBU(1):A,0.003204001346603
5J1L(1):B_1RP3(4):H,0.0125510226935148
1G73(2):D_4KBQ(1):C,0.0040508811362087
2PTT(1):A_6NXF(1):V,0.0046002981252968
6HPB(1):B_1Q7L(3):B,0.0007737048435956
2ZQK(2):B_6HPB(1):B,0.0003842017904389
1QDL(1):A_1QDL(1):B,0.7230038642883301
1R6O(3):B_6TPI(1):C,0.1828918755054474
6OK1(1):B_3AV0(1):B,0.0006910088704898
3PUF(3):G_1XG2(1):A,0.0013433952117338
2BUY(1):A_2BUY(1):B,0.9251402020454408
3NYB(1):A_6JCK(1):B,0.0294297263026237
3A5Z(1):D_6HUL(1):A,0.0007603872218169
3TND(1):B_2PTT(1):A,0.0005123887676745
7RAG(1):A_3M6M(1):B,0.0013509882846847
3H0W(1):A_6OK1(1):A,0.0012869695201516
5XE3(1):E_2WP0(1):C,0.0004156128270551
3ZDM(1):E_6WEG(1):C,0.0073671648278832
4ZIR(1):B_6PNQ(1):B,0.0013312945375218
7MWR(1):B_2XZ0(2):D,0.0023932049516588
3A5Z(1):D_6CP9(4):G,0.0134159727022051
1TY4(1):D_6XZ6(1):B,0.0005246513755992
5JW9(1):A_1TY4(1):D,0.0006322031840682
4NL9(2):D_4C4K(1):T,0.104241244494915
3MB2(2):I_3MB2(2):L,0.9834309816360474
5B64(1):A_3TVT(1):A,0.8662161827087402
2IYB(2):B_4BY6(2):C,0.0042710788547992
3EXE(2):E_3H0W(1):A,0.018480846658349
6OD1(1):A_5E3E(1):A,0.0014547609025612
3IEY(1):A_6DRH(4):H,0.0006583642098121
5MW9(2):F_1Q7L(3):A,0.0006215447210706
5ZB2(1):A_5ZB2(1):B,0.6966331005096436
5K8J(1):B_4KBQ(1):A,0.0021229924168437
3LKX(1):A_3LKX(1):B,0.0967159196734428
2XTS(1):D_3EXE(2):E,0.0006292063044384
1QDL(1):B_6KM7(1):A,0.0016150914598256
5CK3(1):B_3ZDM(1):F,0.0068702693097293
1TY4(1):D_4ZK7(1):W,0.0005797269404865
1N2D(1):A_1TFO(1):A,0.0042899348773062
4ZIR(1):B_1TFO(1):B,0.0075830593705177
6RCX(1):B_7KBJ(2):J,0.0008376544574275
4ZK7(1):W_6LBU(1):B,0.003008005907759
5YK7(1):D_5Y26(1):B,0.0057604950852692
6POL(2):D_1TQY(4):H,0.0007333596586249
5Y26(1):A_5UIW(1):B,0.0008600971195846
2ZQK(2):D_5MW9(2):G,0.0007642194977961
6VW9(1):A_6OK1(1):A,0.0007925583631731
4V02(1):B_4V02(1):C,0.029855940490961
3LBX(1):B_6RCX(1):A,0.0004907825496047
6HPB(1):B_2IDO(2):D,0.0009779082611203
3GQI(1):B_3A0R(1):B,0.0020713754929602
5MW9(2):G_6OD1(1):B,0.0009556231088936
1GKA(1):B_6X0A(15):o,0.000448318576673
7EXZ(2):A_5YK7(1):D,0.0007704201270826
6AKM(1):B_6IB8(1):A,0.0017119558760896
4FXE(1):B_4XA9(8):H,0.00035826957901
3Q4H(2):A_7UM4(1):A,0.000470817903988
4BY6(2):B_4KBQ(1):A,0.01068243291229
4EXP(1):A_3GQI(1):B,0.0608957074582576
6WEG(1):C_3Q4H(2):A,0.0062937359325587
3IEY(1):A_3IEY(1):B,0.9612746834754944
5ERG(1):B_4BY6(2):C,0.6228420734405518
2QAG(1):A_6TUN(2):B,0.0088141495361924
6NKL(1):A_1TFO(1):B,0.014974863268435
5OF3(1):D_6TI2(1):B,0.0012629943666979
2XTS(1):C_6XRW(1):A,0.0005666385986842
4C4K(1):T_6XOD(1):B,0.0026081297546625
7UM4(1):A_2IDO(2):C,0.0006272041937336
6F45(1):D_7ENH(1):A,0.0015248872805386
5XE3(1):E_4V02(1):C,0.0015852088108658
2ES4(3):E_7VKB(1):B,0.0006227128324098
6MAF(1):C_1RP3(4):G,0.002058733953163
6F45(1):A_3F1I(1):H,0.0005496690864674
6MAF(1):C_4TPS(2):D,0.0061572976410388
3A5Z(1):D_4TMA(2):J,0.5634416937828064
6GJE(1):D_2IYB(2):B,0.0071269362233579
4CYJ(2):F_4TMA(2):F,0.0023652415256947
6TRI(1):B_3LKX(1):B,0.0008262095507234
6XRW(1):B_3V6I(1):A,0.0018454811070114
5C6D(1):C_7V5Z(1):D,0.0012749648885801
3V6I(1):B_3A0R(1):A,0.1408195495605468
2XTS(1):D_3Q4H(2):A,0.0022220087703317
6TUN(2):B_3CDK(1):C,0.0032351927366107
4BFI(1):A_6IB8(1):A,0.0004942076047882
7KBJ(2):I_7FAD(2):C,0.006361499428749
4WW9(1):B_7RAG(1):B,0.1093790009617805
2XQN(1):A_4BFI(1):A,0.0021588595118373
5B64(1):B_7BY3(1):D,0.0014092689380049
7VD7(1):B_6B12(2):B,0.0015928774373605
1TY4(1):D_6PNQ(1):A,0.0012974679702892
4TMA(2):F_6XRW(1):B,0.0025811947416514
3AV0(1):B_3WXX(4):G,0.0012975458521395
2ZP9(1):G_2ZP9(1):J,0.1092086359858512
6GJE(1):A_2QAG(1):B,0.0023024061229079
5XE3(1):E_1G73(2):D,0.000370852445485
3A0R(1):B_2IYB(2):B,0.0009019278804771
6IB8(1):C_4CXF(1):A,0.041589431464672
5CTR(1):C_5E3E(1):A,0.003788951318711
2YC4(1):D_4QX8(2):D,0.0014587547630071
6TPI(1):A_1N2D(1):C,0.0015310170128941
5B64(1):B_5UIW(1):A,0.0015731097664684
6NXF(1):B_5CK3(1):A,0.072544477880001
6AKM(1):A_6AKM(1):B,0.0726402848958969
2IDO(2):C_2IDO(2):D,0.0039794943295419
6NXF(1):B_5NT7(1):D,0.0619745403528213
5E3E(1):B_1Q7L(3):A,0.0036036320962011
5CK3(1):B_6KPD(1):C,0.002763420343399
1LGH(2):K_2FOI(1):B,0.0005863038823008
4PJ2(2):B_4PJ2(2):C,0.5714949369430542
3HUG(6):I_3HUG(6):J,0.9895422458648682
2PMS(2):D_4CYJ(2):F,0.0012693862663581
5ZB2(1):A_5YK7(1):C,0.033754926174879
2CG5(1):B_3TND(1):B,0.0015274210600182
7V5Z(1):D_7EXZ(2):B,0.0276303570717573
3R84(19):V_5Y26(1):B,0.027271656319499
6CP9(4):H_7V5Z(1):D,0.0408212020993232
3PUF(3):I_1OFH(1):G,0.0413832403719425
2IDO(2):D_6YJP(1):C,0.0006139626493677
6TPI(1):A_5B64(1):B,0.0045722033828496
7VD7(1):B_5C6D(1):C,0.0026913594920188
6KML(1):C_6KML(1):D,0.0047118328511714
2Y9X(2):F_3X37(1):A,0.0120985331013798
3OEI(1):B_3A0R(1):B,0.0010156448697671
3F1I(1):S_1QDL(1):B,0.0012931623496115
5K8J(1):B_4ZK7(1):W,0.0047939177602529
6KZA(2):D_2Y9X(2):B,0.0002673696144483
3MB2(2):I_4DGW(1):A,0.0005187609349377
7VKB(1):B_6X0A(15):O,0.0020175953395664
3M7F(1):A_2XTS(1):D,0.0009687379933893
3NQZ(1):B_3LBX(1):A,0.0010865228250622
6U08(2):D_2Y9X(2):F,0.0100703872740268
5MC9(1):B_3A0R(1):A,0.0026363891083747
4XA9(8):H_4XA9(8):h,0.0023326277732849
2ZP9(1):J_5J4A(1):B,0.0019030945841223
2PTT(1):A_6TI2(1):E,0.0031019710004329
6F4J(2):B_2XZ0(2):D,0.0094164628535509
6TI2(1):B_6TI2(1):E,0.0031205334234982
5J4A(1):A_3NQZ(1):A,0.3855344355106354
5CK3(1):B_7ENH(1):B,0.0057062674313783
4PJ2(2):B_2DS2(2):D,0.0029028858989477
4CXF(1):B_3MB2(2):L,0.0231529213488101
6U08(2):D_2PMS(2):D,0.0022413756232708
2HZS(5):H_6KPD(1):B,0.0084269121289253
1Z6O(1):O_3CDK(1):D,0.0010453674476593
3ZDM(1):F_6M2I(1):A,0.0006659761420451
6F4J(2):B_7BY3(1):D,0.0006921213353052
3QVG(2):A_2PTT(1):A,0.0003129602409899
4CC4(3):F_5XE3(1):E,0.0004601507971528
6BSC(1):A_1SV0(2):B,0.0011438679648563
2ES4(3):B_2ES4(3):E,0.0413019396364688
4UDM(1):B_2DS2(2):C,0.3038049042224884
1QDL(1):A_4KBQ(1):C,0.0018153965938836
1SV0(2):D_4WW9(1):B,0.001606420148164
4WWR(3):D_1Q7L(3):A,0.0019418260781094
7VKB(1):B_2XTS(1):C,0.0384838320314884
2YC4(1):B_3CJH(2):I,0.000575533369556
5YK7(1):D_5KEV(1):B,0.001007531187497
5CFF(1):A_3H0W(1):A,0.003880268195644
3HUG(6):J_3H0W(1):B,0.0020101116970181
6M2I(1):B_5MU7(1):B,0.0005942601128481
6TRI(1):A_2R6A(1):B,0.0073324386030435
4QMF(2):B_6F45(1):A,0.0004069897695444
3A5Z(1):C_1OFH(1):G,0.0068773780949413
5CTR(1):C_2XZ0(2):D,0.0045030242763459
4QX8(2):C_7P99(1):C,0.0389774553477764
5WRV(1):A_2XTS(1):C,0.0019982089288532
5WRV(1):B_6HPB(1):B,0.0012344715651124
1XG2(1):A_2J9U(1):B,0.0009914884576573
1Q7L(3):A_4EXP(1):X,0.0032777832821011
1TFO(1):A_4NWR(4):AT,0.0020101212430745
4TPS(2):C_3F1I(1):S,0.0038158770184963
6D0H(1):A_5JNO(1):A,0.0271938499063253
2ZQK(2):B_5E3E(1):B,0.0305880084633827
2Y9X(2):B_6GJE(1):A,0.0007483908557333
4QX8(2):D_2PMS(2):D,0.0007743425085209
4NL9(2):D_4Y66(2):C,0.0038918491918593
1TQY(4):H_5OW5(1):A,0.0015061248559504
5K8J(1):A_6F45(1):D,0.001968489261344
5MC9(1):C_5NUS(1):A,0.0017285962821915
6TRI(1):A_4BFI(1):A,0.0009294841438531
6KZA(2):D_3WXX(4):G,0.0132046919316053
1Q5R(1):H_2PTT(1):A,0.000249030359555
5E3E(1):B_6F45(1):A,0.0649668797850608
6MAF(1):C_3EXE(2):H,0.0023223757743835
6KML(1):D_2FOI(1):D,0.0011454217601567
5MC9(1):B_6IB8(1):C,0.0016763861058279
6BZF(2):D_5HY3(1):B,0.0170004200190305
3EXE(2):E_1GKA(1):B,0.0008997927070595
4WWR(3):D_4KBQ(1):A,0.0256863608956336
5CTR(1):C_5OF3(1):D,0.0007749529904685
6X0A(15):O_2Y9X(2):B,0.0003728221054188
3BEG(1):A_6BZF(2):D,0.0029613911174237
6GW6(1):B_4WWR(3):D,0.6165210008621216
1Q5R(1):A_7ETR(1):A,0.0007944306125864
4V02(1):C_4BFI(1):A,0.0004166082653682
1TY4(1):D_2YC4(1):B,0.0028055510483682
4EXP(1):A_5MPO(1):C,0.0148925688117742
2R6A(1):B_6XOD(1):B,0.004099232610315
3IEY(1):B_2DS2(2):D,0.0010035932064056
3CJH(2):J_2CG5(1):A,0.0027045579627156
3PUF(3):H_5KEV(1):B,0.0008824785472825
5J1L(1):A_4TPS(2):C,0.04318618029356
3PUF(3):I_6U3W(1):B,0.0039806682616472
6U08(2):D_2IYB(2):F,0.0007301010773517
7MWR(1):A_1QDL(1):B,0.0142206884920597
3TND(1):A_6AKM(1):B,0.0088312625885009
6L5K(1):A_7LA5(1):B,0.0007783633191138
4WWR(3):D_4WWR(3):C,0.0307598933577537
3QVG(2):A_5NT7(1):C,0.018567906692624
5J1L(1):A_5J1L(1):B,0.9719945192337036
6XRW(1):B_5YXY(1):D,0.0008093019714578
5CTR(1):C_6WEG(1):C,0.0012517882278189
4BFI(1):A_2XTS(1):D,0.0009837830439209
1N2D(1):A_1N2D(1):C,0.99037104845047
3NQZ(1):A_4QX8(2):D,0.0004398773307912
7FAD(2):C_7FAD(2):D,0.088980995118618
6GJE(1):D_6F45(1):A,0.0037233054172247
3EXE(2):H_4PJ2(2):C,0.001281437347643
1SV0(2):D_5CK3(1):B,0.0011183081660419
6M2I(1):A_6NXF(1):B,0.0004160286334808
6JCK(1):B_5NUS(1):A,0.0027569893281906
3CJH(2):I_6D0H(1):B,0.000385726976674
5K8J(1):B_3NYB(1):A,0.0010523103410378
3IEY(1):A_1H3O(2):D,0.0008582821465097
4TPS(2):C_4TPS(2):D,0.7091335654258728
3TVT(1):B_3PUF(3):G,0.0052855513058602
5J4A(1):A_5J4A(1):B,0.0020821127109229
3CJH(2):J_4Y66(2):D,0.0012141041224822
4PJ2(2):C_6B12(2):B,0.0283680763095617
6LBU(1):B_3V6I(1):A,0.002631862880662
2ZP9(1):G_6R3S(1):A,0.0044689229689538
6JCK(1):A_5AUP(1):I,0.0007126976270228
4CYJ(2):D_2R6A(1):C,0.0023531410843133
4ZQU(1):A_6BSC(1):B,0.1759849637746811
2PT7(1):D_3L4B(1):B,0.9618428945541382
2VUS(2):J_5XE3(1):A,0.0010541973169893
5ZB2(1):A_5B64(1):A,0.0027926750481128
3H0W(1):A_2XTS(1):C,0.0017159258713945
5JNO(1):B_3LBX(1):A,0.003285402432084
3H0W(1):B_7P99(1):A,0.0031123531516641
5XKJ(1):C_4KBQ(1):A,0.0095260795205831
7DG5(1):B_5NUS(1):B,0.0072791744023561
4WWR(3):C_1H3O(2):D,0.0063440264202654
3ZDM(1):F_3A0R(1):A,0.0012866981560364
3FGC(2):C_5J4A(1):A,0.0008876099600456
2CG5(1):B_6R3S(1):A,0.0102937649935483
6MAF(1):A_2YC4(1):B,0.001031411695294
5MW9(2):F_4Y66(2):D,0.0411296263337135
6B12(2):B_4DGW(1):B,0.0009092534892261
2Y3N(1):C_3GQI(1):A,0.0008204807527363
4TPS(2):C_6F45(1):A,0.1622194647789001
4TMA(2):F_7DG5(1):B,0.0093865394592285
6COJ(1):B_4ZQU(1):A,0.0025464757345616
7ETR(1):A_6KM7(1):C,0.0004960877122357
5NT7(1):C_5NT7(1):D,0.0238204952329397
6KPD(1):B_5HY3(1):A,0.0017815000610426
1GKA(1):B_5IBW(1):A,0.0056738960556685
3FGC(2):C_3FGC(2):D,0.9934465289115906
7DG5(1):B_6GW6(1):B,0.0025704388972371
4Y66(2):C_2CG5(1):A,0.0044342027977108
6U08(2):C_6LBU(1):B,0.4799583852291107
2XZ0(2):D_4UDM(1):A,0.0017436825437471
3QVG(2):B_2IYB(2):B,0.0297563951462507
6VW9(1):A_3LBX(1):A,0.0146704642102122
5CK3(1):B_5MU7(1):A,0.2912493050098419
3AMJ(1):B_5AUP(1):A,0.0004545851552393
3V6I(1):A_6TPI(1):A,0.0024740311782807
6KML(1):C_6BZF(2):C,0.0019111615838482
6POL(2):D_4ZQU(1):B,0.0053018014878034
6CP9(4):G_4FXE(1):B,0.0034594130702316
5ERG(1):A_2IYB(2):B,0.0056543508544564
6XOD(1):A_6XOD(1):B,0.0023311334662139
6KZA(2):D_5OF3(1):D,0.0005608898354694
5HY3(1):B_4FXE(1):B,0.0136263277381658
6D0H(1):A_5J1L(1):A,0.0005284186918288
4BY6(2):C_4TMA(2):F,0.0012893110979348
3EXE(2):H_6TPI(1):A,0.0007235851953737
6YJP(1):A_2VDW(4):H,0.0032713108230382
7EXZ(2):B_2PTT(1):A,0.0054141767323017
3PUF(3):H_6D0H(1):B,0.0015784206334501
6B12(2):D_2CG5(1):A,0.0095339016988873
6U08(2):C_6U08(2):D,0.980944275856018
4PJ2(2):B_7V5Z(1):D,0.0012219614582136
6JCK(1):B_5K8J(1):A,0.0008342491928488
7FAD(2):C_3PUF(3):H,0.3493724763393402
5CTR(1):A_7ETR(1):A,0.0019693849608302
6F4J(2):B_6F4J(2):D,0.2324569821357727
5MU7(1):A_5MU7(1):B,0.1972902417182922
4EXP(1):A_3NQZ(1):A,0.0008297121385112
6GJE(1):D_6NXF(1):B,0.0118633219972252
5MW9(2):F_3BEG(1):B,0.0020530086476355
3PUF(3):I_5IBW(1):C,0.0059977481141686
5ERG(1):B_3FGC(2):C,0.0014748850371688
6B12(2):D_6TUN(2):B,0.0013777851127088
4FXE(1):B_2ES4(3):B,0.0004197223170194
5ERG(1):A_5NUP(1):A,0.0011296290904283
5NUP(1):D_5XE3(1):E,0.0011852403404191
7VKB(1):A_1TFO(1):A,0.0178102683275938
6L5K(1):A_7BY3(1):D,0.0005616355338133
7V5Z(1):B_7V5Z(1):D,0.983279824256897
1LGH(2):J_3PUF(3):G,0.0005643513286486
3OEI(1):B_4CXF(1):A,0.9232606887817384
4BFI(1):B_2WP0(1):C,0.0005616085836663
2XZ0(2):D_2ZQK(2):B,0.0024777962826192
3L4B(1):B_7C96(1):B,0.0008983681327663
3F1I(1):H_6HUL(1):A,0.0004868516116403
2XZ0(2):D_5YXY(1):A,0.0027891742065548
5XE3(1):E_1Q7L(3):A,0.0006038103601895
4CXF(1):B_5E3E(1):A,0.0005338734481483
5B64(1):A_6DRH(4):G,0.0005238812882453
3A0R(1):B_6VW9(1):A,0.0024924562312662
7FAD(2):C_1XG2(1):B,0.0015947576612234
5NT7(1):C_3ZDM(1):E,0.0075004193931818
6XZ6(1):A_4KBQ(1):C,0.023789394646883
5MC9(1):B_5MC9(1):C,0.0070168203674256
7LA5(1):B_6TRI(1):A,0.000945133564528
5WRV(1):A_5WRV(1):B,0.0236461795866489
7FAD(2):C_6B12(2):B,0.0012758364900946
7RAG(1):A_3M6M(1):E,0.0007712583756074
6HUL(1):A_5MPO(1):C,0.0010080659994855
6GND(2):D_4TPS(2):D,0.0198099352419376
6X0A(15):o_6CP9(4):G,0.0035189192276448
5JW9(1):A_5JW9(1):B,0.8316671252250671
3LBX(1):A_7EXZ(2):A,0.0006074158591218
5CTR(1):A_6POL(2):C,0.0111386822536587
7VKB(1):B_4Y66(2):C,0.0043053114786744
1QDL(1):B_6VW9(1):B,0.0029128056485205
2XTS(1):C_2XTS(1):D,0.1261797994375229
7EXZ(2):B_5AUP(1):A,0.0009627270046621
6LBU(1):A_1G73(2):B,0.0022146303672343
7DG5(1):B_3AMJ(1):A,0.0007190171745605
1TY4(1):D_2IDO(2):D,0.0236726030707359
3PUF(3):H_4CC4(3):F,0.1199606731534004
7BY3(1):D_6GJE(1):A,0.0006309072487056
1TQY(4):G_5OW5(1):A,0.0007987059070728
6M2I(1):A_5XKJ(1):C,0.0002949002955574
7UM4(1):A_5KEV(1):A,0.0007153564947657
2PT7(1):D_2PT7(1):H,0.1901030540466308
5ZB2(1):B_6CP9(4):H,0.006087081041187
2IDO(2):C_3LBX(1):B,0.0010781150776892
2PMS(2):B_2PMS(2):D,0.0044259401038289
5B64(1):A_5B64(1):B,0.017075253650546
6B12(2):D_7EXZ(2):B,0.92317134141922
3BEG(1):B_5XE3(1):E,0.001595449517481
2XQN(1):A_2XQN(1):T,0.0118672866374254
4X33(1):B_1GKA(1):A,0.0006461956072598
1SV0(2):B_5JW9(1):B,0.0105717554688453
1GKA(1):A_5CTR(1):C,0.0015360731631517
5NUP(1):A_6Y4L(1):A,0.0017917797667905
2BUY(1):B_3QVG(2):A,0.0004464534285943
6XOD(1):A_3AV0(1):A,0.001059366040863
2CG5(1):A_3EXE(2):H,0.0015845017042011
6U3W(1):A_6U3W(1):B,0.5776481628417969
4WWR(3):D_3HUG(6):I,0.0085853021591901
3ZDM(1):E_1Z6O(1):O,0.0053421687334775
4KBQ(1):A_3LKX(1):B,0.0424374341964721
5JNO(1):A_4ZQU(1):B,0.308705061674118
4CXF(1):A_5J4A(1):B,0.0004145025741308
7VKB(1):A_6LBU(1):A,0.0017995728412643
3A0R(1):A_5YK7(1):D,0.0010086072143167
6RCX(1):B_6BZF(2):C,0.0005078320973552
2PMS(2):D_6PNQ(1):B,0.0186492931097745
2IDO(2):D_4QMF(2):B,0.0105412891134619
1TQY(4):G_5YXY(1):A,0.0027624377980828
4BFI(1):A_6YJP(1):A,0.098196268081665
7DMA(1):B_6D0H(1):A,0.1214437037706375
6R3S(1):B_7BY3(1):C,0.0057781147770583
3AMJ(1):B_1T3E(1):P,0.0009100491297431
2DS2(2):D_4BY6(2):B,0.001116749132052
2WP0(1):A_6GW6(1):B,0.0401755720376968
2QAG(1):A_6VW9(1):B,0.0027316396590322
6COJ(1):A_6COJ(1):B,0.9731868505477904
5JNO(1):B_3LKX(1):B,0.0033230690751224
6POL(2):C_4BFI(1):B,0.0033600574824959
4QX8(2):D_2BUY(1):A,0.0022728701587766
5ERG(1):B_5WRV(1):B,0.004052847623825
5Y26(1):B_7FAD(2):D,0.0163244996219873
6BZF(2):D_3AV0(1):B,0.0019691956695169
3F1I(1):H_3F1I(1):S,0.0400071330368518
5ERG(1):B_6DRH(4):H,0.0041385795921087
7VKB(1):B_2CG5(1):A,0.0166888982057571
2BUY(1):B_6POL(2):C,0.0008586763287894
2R6A(1):B_5XKJ(1):C,0.0007943582604639
2ZQK(2):D_7ENH(1):B,0.0203513279557228
7EXZ(2):A_5CTR(1):A,0.0012100985040888
2BUY(1):B_1H3O(2):C,0.000329508096911
5WRV(1):A_5NUP(1):D,0.0019111881265416
1G73(2):B_6U08(2):C,0.006705857347697
4WWR(3):C_6D0H(1):B,0.0045882849954068
5E3E(1):A_2HZS(5):H,0.0011996055254712
3QVG(2):A_3QVG(2):B,0.1115803644061088
6TUN(2):B_3M6M(1):E,0.0087895672768354
2PT7(1):H_6D0H(1):B,0.0017589235212653
2CG5(1):B_6POL(2):C,0.0042944569140672
2CG5(1):B_2IDO(2):D,0.0042501566931605
5XKJ(1):C_4NWR(4):AS,0.0011829731520265
5MW9(2):G_2Y0N(1):E,0.0009437837870791
3LBX(1):A_3LBX(1):B,0.9135825037956238
7VD7(1):B_3HUG(6):I,0.0007324150647036
5CK3(1):A_4ZIR(1):B,0.0004302791203372
6R3S(1):A_2PT7(1):H,0.0039117825217545
3TND(1):B_4C4K(1):T,0.001699450192973
4FXE(1):B_3F1I(1):H,0.0010882257483899
2IYB(2):B_4X33(1):B,0.0054195718839764
3F1I(1):S_5UIW(1):A,0.0018585621146485
2J9U(1):B_3HUG(6):I,0.001443728338927
6RCX(1):B_6TI2(1):E,0.0005280035547912
3Q4H(2):B_2PMS(2):B,0.0006576470914296
3A0R(1):A_6KPD(1):B,0.019518544897437
1QDL(1):B_6LBU(1):B,0.0301012191921472
5XE3(1):A_2J9U(1):A,0.0261955019086599
6JCK(1):A_1Z6O(1):O,0.0024760055821388
6KM7(1):A_7VD7(1):A,0.0037612949963659
7C96(1):A_4BY6(2):B,0.0018819674151018
6BSC(1):A_6PNQ(1):A,0.0285277813673019
1QDL(1):A_1XG2(1):A,0.0006816685199737
4WWR(3):D_7C96(1):B,0.0032148247119039
2QAG(1):B_5Y9W(1):C,0.0005605784826911
3CDK(1):D_6L5K(1):B,0.0002770196879282
3MB2(2):L_4CXF(1):A,0.0722529217600822
3MB2(2):L_6VW9(1):B,0.0004711153160315
5B64(1):A_1T3E(1):B,0.0081983180716633
6RCX(1):B_4WWR(3):C,0.0010612033074721
3L4B(1):D_5CFF(1):A,0.0025562916416674
2CG5(1):A_6OD1(1):A,0.0021985694766044
6PNQ(1):A_6CP9(4):G,0.0369083993136882
5XE3(1):A_4Y66(2):D,0.0017316277371719
6NKL(1):A_3PUF(3):I,0.002184942131862
2ZQK(2):B_4X33(1):B,0.0005407432327046
4UDM(1):B_3BEG(1):B,0.662619411945343
3F1I(1):S_4DGW(1):B,0.0023801517672836
4TMA(2):F_4TMA(2):J,0.334255576133728
6D0H(1):B_6BSC(1):A,0.0003629085840657
6DRH(4):H_1XG2(1):B,0.006611025892198
7LA5(1):A_4TMA(2):J,0.0007426830125041
4XA9(8):h_2CZV(1):D,0.0008883096743375
2PMS(2):B_2DS2(2):D,0.0488906912505626
1QDL(1):B_2HZS(5):G,0.0033987967763096
6Y4L(1):B_2IYB(2):F,0.0131225176155567
5MC9(1):B_4WW9(1):A,0.0035514291375875
1LGH(2):K_3X37(1):B,0.0003107835073024
2IYB(2):F_2YC4(1):D,0.0419404357671737
2IYB(2):B_6F45(1):D,0.0065840054303407
3F1I(1):S_3A0R(1):B,0.0020996970124542
2Y9X(2):B_1OFH(1):A,0.0006550991674885
2IYB(2):B_7KBJ(2):J,0.0006923608598299
5HY3(1):A_2DS2(2):D,0.0007842451450414
6XOD(1):B_5WRV(1):A,0.0280880369246006
6HPB(1):A_5ZB2(1):A,0.0023660035803914
5Y9W(1):C_3M6M(1):E,0.0002223436167696
6AKM(1):A_5CTR(1):C,0.0030174402054399
3OEI(1):D_6XOD(1):B,0.0015496793203055
5JNO(1):A_4XA9(8):h,0.0246404521167278
3QVG(2):B_6X0A(15):O,0.000631726172287
4WWR(3):D_3CJH(2):J,0.0009490702068433
7BY3(1):D_7UM4(1):B,0.0009843900334089
3L4B(1):B_3L4B(1):D,0.9212294816970824
5CTR(1):A_1G73(2):D,0.02393071167171
5XE3(1):E_6Y4L(1):B,0.0008264335920102
7VD7(1):A_6KM7(1):C,0.00075392058352
6OD1(1):A_6RCX(1):A,0.0010998668149113
6L5K(1):B_5J1L(1):B,0.0004680904385168
6LBT(1):A_3GQI(1):B,0.0023477314971387
3A0R(1):A_6XOD(1):B,0.0017797270556911
1R6O(3):B_3A5Z(1):C,0.1849218308925628
5Y9W(1):B_2XTS(1):C,0.0003374945372343
4FXE(1):E_6D0H(1):B,0.0174181498587131
7KBJ(2):I_6AKM(1):B,0.000444964680355
6L5K(1):B_4BFI(1):B,0.0016343443421646
4QX8(2):D_1QDL(1):A,0.0012887715129181
5CK3(1):B_6KM7(1):A,0.0033330526202917
6XZ6(1):A_5CFF(1):F,0.0306497421115636
1XG2(1):A_4DGW(1):B,0.0012972288532182
7MWR(1):A_4WW9(1):A,0.0052703376859426
7VKB(1):A_7VKB(1):B,0.7028433084487915
3WXX(4):G_3WXX(4):H,0.0086763016879558
3CDK(1):D_1TQY(4):H,0.0013420454924926
4PJ2(2):B_1GKA(1):B,0.0029672775417566
5KEV(1):B_4V02(1):C,0.0005046617588959
7DG5(1):B_4PJ2(2):B,0.0028284732252359
2XTS(1):D_6TRI(1):B,0.0006669120630249
3PUF(3):H_6GW6(1):A,0.0013815271668136
1R6O(3):B_4TPS(2):D,0.0930050611495971
3NYB(1):A_4ZK7(1):E,0.0011814996832981
4EXP(1):A_6AKM(1):A,0.0048475619405508
4NWR(4):AT_7LA5(1):A,0.0006638595950789
4ZQU(1):B_3L4B(1):D,0.0059231887571513
6YJP(1):C_6YJP(1):A,0.2144002020359039
