pair,Interaction
8CCQ(1):B_8BRS(1):A,0
9IKB(1):B_8ZHT(1):A,0
9RMM(1):A_8FBD(1):B,0
9MZ5(1):B_8FUL(1):B,0
9KUE(1):A_9GCO(1):C,0
9I25(1):A_9B7D(1):B,0
9L7W(1):B_8I3F(1):B,0
8J4B(1):A_8J4B(1):B,1
9U8Q(1):A_8I3F(1):A,0
8TWD(1):C_8RYI(1):B,0
30KX(1):E_9ILT(1):C,0
9ZCS(1):B_9ZCS(1):A,1
8T9P(1):B_8Y96(1):A,0
8IE2(1):A_8ONW(1):D,0
8PFC(1):B_8PFC(1):A,1
8J64(1):B_8J64(1):A,1
8R7D(1):B_8R7A(1):A,0
9W3A(1):E_9PCA(1):A,0
8QL1(1):A_9NTO(1):B,0
8WT4(1):B_9F26(1):C,0
8CCQ(1):B_9U8R(1):A,0
8GKO(1):C_8S83(1):B,0
9ZLL(1):F_8BWV(1):B,0
8IH8(1):C_8GM8(1):B,0
8J64(1):B_8FZZ(1):A,0
8EY4(1):A_9H9V(1):C,0
9EA8(1):A_8YRE(1):A,0
8U6H(1):A_9K3E(1):C,0
8PU3(1):C_8PU3(1):A,1
8STU(1):A_9VLL(1):B,0
9GZQ(1):B_8STS(1):B,0
8U45(1):C_9P1C(1):A,0
9LPG(1):A_9H9V(1):E,0
8Y2Z(1):B_9K1U(1):B,0
9EYU(1):B_8RP2(1):AAA,0
9BAE(1):B_8RP0(1):CCC,0
8G0P(1):B_9BAE(1):A,0
9DD1(1):A_9JM8(1):A,0
9ZEE(1):B_9ZEE(1):A,1
8IGD(1):B_8CN3(1):B,0
8YN0(1):C_9H9V(1):G,0
9VZC(1):A_8I3E(1):B,0
9ZCS(1):A_9VNJ(1):B,0
9OMD(1):C_8Y2Z(1):A,0
8S83(1):B_8S1X(1):A,0
8RIU(1):B_9BAE(1):A,0
9BT4(1):B_8RPP(1):D,0
9H9V(1):F_8Y2Z(1):B,0
8XSU(1):C_9NTO(1):A,0
8FUM(1):D_8C26(1):A,0
8I8Y(1):B_8Q66(1):B,0
9IZ3(1):A_9H7Y(1):B,0
9C10(1):A_8PEL(1):G,0
9CCK(1):A_8FUL(1):B,0
9C10(1):A_9MYT(1):B,0
9NSD(1):G_8QHN(1):A,0
9BGL(1):B_9T38(1):A,0
9H5R(1):B_9U8R(1):A,0
8I3E(1):B_9BKX(1):d,0
8C0D(1):B_8HXI(1):A,0
9FN0(1):B_8P9U(1):C,0
8OWU(1):D_8STS(1):B,0
9KUE(1):B_8S05(1):A,0
8YNX(1):B_9K3E(1):C,0
8U6G(1):B_8U6G(1):A,1
8Z22(1):B_9VZC(1):A,0
8CN3(1):B_8CN3(1):A,1
8SNK(1):I_9K1U(1):B,0
9BT4(1):A_9LP2(1):A,0
9X2R(1):A_8PF5(1):C,0
9HLS(1):B_9ST8(1):A,0
8PEL(1):B_9VNJ(1):A,0
9NSD(1):B_8JDI(1):A,0
8WHL(1):E_8I3E(1):C,0
8QVC(1):A_8T19(1):B,0
9L5U(1):C_8CM0(1):A,0
8HFP(1):C_8WHH(1):A,0
8PFC(1):B_9G8U(1):B,0
8FZZ(1):A_9U8Q(1):G,0
9JDI(1):A_8Q66(1):A,0
9EAV(1):A_8CN3(1):A,0
8ONW(1):B_8T19(1):B,0
8S05(1):A_8G0K(1):A,0
8JI9(1):A_9SDC(1):A,0
9W3A(1):A_8PFC(1):B,0
9I25(1):A_9G87(1):B,0
8BGM(1):B_9Q1H(1):A,0
9E15(1):A_9H9V(1):G,0
9LPG(1):E_9ZLL(1):F,0
9MOJ(1):C_8JDI(1):E,0
9GAI(1):B_8Y96(1):C,0
9VLL(1):B_9GAI(1):B,0
9KUE(1):A_8J4B(1):B,0
8VUM(1):B_8K0H(1):B,0
8I8Y(1):A_8I8Y(1):B,1
9KUE(1):C_8J4B(1):B,0
9MZ5(1):C_8TWD(1):A,0
8J49(1):B_9GAI(1):B,0
9L6B(1):B_8SSM(1):B,0
9JDD(1):B_9X2R(1):A,0
8IGD(1):C_9VLL(1):A,0
9KO8(1):C_9IKB(1):B,0
8FFX(1):A_8RPP(1):D,0
8G0P(1):A_9H9V(1):E,0
9W3A(1):E_9KZL(1):A,0
8PEL(1):C_9ILT(1):G,0
8YNX(1):B_9IKB(1):G,0
8C26(1):B_8FCC(1):B,0
8WT0(1):A_8XEH(1):A,0
8UF4(1):A_9E15(1):B,0
9VZY(1):D_8PQQ(1):C,0
9L7W(1):A_9M3I(1):D,0
9VO4(1):B_8WT4(1):B,0
8ZHT(1):B_8ZHT(1):A,1
8HCI(1):B_8R7A(1):A,0
9PCA(1):B_9EA8(1):B,0
8TK9(1):B_8TK9(1):A,1
9R84(1):B_9R84(1):A,1
8IH8(1):A_9CCV(1):A,0
8RP1(1):AAA_8TK9(1):B,0
9F79(1):C_9F79(1):A,1
9VLL(1):B_8T9O(1):B,0
8I8Y(1):A_9OMD(1):I,0
8ZA7(1):B_9VZY(1):D,0
9L6B(1):A_8RPP(1):D,0
9MZ5(1):C_9MZ5(1):B,1
9FN0(1):A_9P3J(1):A,0
9NSD(1):B_8GJU(1):H,0
9DK1(1):A_9HAE(1):A,0
8K0H(1):A_21VU(1):A,0
8QL1(1):B_8CCQ(1):B,0
9JM8(1):B_8ONW(1):B,0
8RQZ(1):B_8CB2(1):BBB,0
8S1X(1):B_8T19(1):B,0
9ILT(1):F_9ILT(1):C,1
8J48(1):B_9P1C(1):A,0
9U8Q(1):G_8K0H(1):B,0
8GKO(1):C_8UAI(1):A,0
9W3A(1):E_8BWV(1):A,0
9ILT(1):C_8T9P(1):A,0
9VO5(1):A_9JDI(1):A,0
8TYS(1):A_12NP(1):C,0
9ILT(1):A_11LJ(1):A,0
9RGL(1):A_8UF4(1):B,0
8Q03(1):A_9VO4(1):A,0
8FZZ(1):A_8UF4(1):A,0
9AVF(1):A_8J49(1):B,0
8RP2(1):CCC_9W3A(1):E,0
8ZVX(1):A_9NTN(1):G,0
9KUE(1):C_9U8R(1):G,0
8HDD(1):B_9P3J(1):A,0
8STU(1):A_8G0K(1):A,0
8JMR(1):A_8ZD3(1):A,0
9E15(1):A_8T6E(1):B,0
9LP2(1):A_8U6H(1):B,0
9VO5(1):A_8CRA(1):A,0
8T19(1):A_8OUA(1):A,0
9IKB(1):C_9H9V(1):C,0
9WAQ(1):A_9WAQ(1):B,1
8ONW(1):C_8U6G(1):A,0
8PU1(1):B_8IGD(1):B,0
8CCQ(1):B_8OWU(1):B,0
8U6D(1):A_8JMQ(1):B,0
9K3E(1):B_9RK9(1):A,0
9H9V(1):G_9H9V(1):A,1
9VNJ(1):A_9KZL(1):C,0
8S2M(1):A_9U8R(1):A,0
8ONW(1):B_8VLM(1):A,0
8FUM(1):D_9PR8(1):A,0
9ZLL(1):F_8VLM(1):B,0
9KUE(1):C_9KUE(1):A,1
8ZD3(1):A_9W3A(1):A,0
8K0H(1):B_8IH8(1):A,0
8JI9(1):B_8RP0(1):AAA,0
8YRE(1):D_9JWA(1):A,0
8WOK(1):B_8Q66(1):B,0
8Y77(1):B_8Y77(1):A,1
9X2R(1):B_9X2R(1):A,1
9KUE(1):C_9VZY(1):A,0
8T6E(1):B_8HDD(1):C,0
8RQZ(1):C_8BRQ(1):A,0
8CB2(1):AAA_9F79(1):C,0
8QVC(1):B_8G0P(1):B,0
9BAE(1):B_9WAQ(1):B,0
9RK9(1):B_9HBL(1):B,0
9HAD(1):B_8R3A(1):A,0
8BGM(1):B_8S83(1):B,0
8C26(1):B_8C26(1):A,1
8I2F(1):B_8I2F(1):A,1
9Q9V(1):B_9HBL(1):B,0
9F26(1):A_9M3I(1):C,0
9KZL(1):A_9UB9(1):B,0
8Q66(1):A_9W3A(1):E,0
8HDD(1):B_8STP(1):A,0
8Y2Z(1):B_9R2Z(1):A,0
12NP(1):C_12NP(1):A,1
9NTO(1):A_8FUM(1):C,0
8QHN(1):D_9HLO(1):A,0
9KUE(1):B_8S83(1):B,0
8U6F(1):A_8YN0(1):C,0
9VZY(1):D_8XT8(1):B,0
9ZLL(1):E_9ZLL(1):D,1
9VNJ(1):B_8R3A(1):A,0
8WHL(1):E_9H9V(1):F,0
9ILT(1):F_8VEO(1):B,0
9BT4(1):G_9HAC(1):B,0
9UB9(1):A_8T9P(1):B,0
9X2R(1):B_9P1C(1):A,0
9CCV(1):A_8ONW(1):B,0
8QNQ(1):A_8Q2E(1):A,0
9ZLL(1):F_8WT0(1):B,0
9UB9(1):B_9UB9(1):A,1
8IH8(1):A_8STU(1):A,0
9ILT(1):E_9ZCS(1):B,0
8QVC(1):B_8HHJ(1):A,0
8HFP(1):C_9OLQ(1):B,0
8BRT(1):A_8WHI(1):F,0
8ONW(1):D_8ONW(1):E,1
8PEL(1):D_9GZQ(1):A,0
8HR0(1):B_9GAI(1):D,0
9HBL(1):B_8TYX(1):B,0
8STS(1):B_8STS(1):A,1
8CRA(1):E_8OUA(1):A,0
8BWV(1):B_8XEH(1):E,0
8BRR(1):A_8I3E(1):B,0
30KX(1):E_9H9V(1):E,0
9U8R(1):A_8EZR(1):A,0
8S1X(1):A_8GM8(1):A,0
9EAV(1):D_9EAV(1):A,1
9LP2(1):A_8PQQ(1):C,0
8XUD(1):A_8RYI(1):B,0
9U8Q(1):A_8WHM(1):B,0
9LEW(1):B_9DK1(1):B,0
9UVE(1):B_9U8R(1):G,0
8FFX(1):B_9I25(1):C,0
8BFI(1):B_8T9P(1):B,0
8C0D(1):B_9HAD(1):B,0
8FFX(1):A_9DK1(1):A,0
9U8Q(1):G_8C4X(1):B,0
9L5U(1):C_9L5U(1):A,1
9EAE(1):C_9X2R(1):A,0
8ONW(1):B_9VZY(1):A,0
9J4P(1):A_9SDC(1):C,0
9ZLL(1):E_8JI9(1):B,0
9JDD(1):B_8U6G(1):A,0
8EY4(1):I_8T0P(1):A,0
9ZEE(1):B_8JI9(1):B,0
8YNX(1):A_9VZY(1):D,0
9JM8(1):A_8J49(1):A,0
9R2Z(1):A_9ST8(1):B,0
8SSM(1):C_8Y96(1):C,0
8BRR(1):A_8T9O(1):A,0
9GCO(1):B_9V8I(1):A,0
9I25(1):A_8WT0(1):A,0
8VET(1):B_8RP0(1):AAA,0
8BWV(1):A_9KO8(1):C,0
9UVD(1):C_9H9V(1):B,0
8R7A(1):A_9MNO(1):E,0
8QL1(1):A_9RMM(1):C,0
9GZQ(1):A_8RZZ(1):C,0
9UB9(1):B_8Y2Z(1):A,0
9I25(1):A_9Q9V(1):A,0
9EAV(1):C_9EAV(1):A,1
8PEL(1):D_8K0H(1):B,0
8SNF(1):D_8SNF(1):A,1
9DCZ(1):A_8J64(1):A,0
8C0D(1):A_9U8Q(1):A,0
9OLQ(1):A_9R2Z(1):B,0
9J4P(1):A_9HLO(1):B,0
8P9U(1):C_8ORN(1):A,0
9H9V(1):B_9L6B(1):A,0
8SNF(1):D_8BRQ(1):A,0
9ZCS(1):A_8PEL(1):F,0
8HHJ(1):A_9EAV(1):C,0
8XYF(1):A_21VU(1):H,0
9X2R(1):A_8TYS(1):A,0
9JWA(1):B_9HAD(1):B,0
8T6E(1):B_8WOK(1):B,0
8FCC(1):B_8HHJ(1):A,0
8GJU(1):A_9K1U(1):C,0
9H7Y(1):A_9GCO(1):B,0
8PFC(1):A_9ILT(1):E,0
9EAV(1):C_8CN3(1):A,0
8BWV(1):A_9V8I(1):B,0
9EAE(1):A_9V8I(1):A,0
9UTY(1):B_8G0P(1):B,0
8RP0(1):CCC_9GZQ(1):A,0
9FN0(1):B_8G0K(1):A,0
8STS(1):A_8R7A(1):B,0
8GM8(1):A_8SNK(1):B,0
8BOZ(1):B_8BOZ(1):A,1
9AVF(1):A_8PEL(1):E,0
9L7W(1):B_8JMQ(1):B,0
9RGL(1):A_8TK9(1):B,0
8P9U(1):A_8I2F(1):A,0
9H9V(1):A_9OLQ(1):B,0
9JWA(1):B_8G0P(1):A,0
8WT0(1):A_8ZHT(1):B,0
9PR8(1):A_8S1X(1):A,0
9HAD(1):B_9GZQ(1):A,0
8RYI(1):B_30KY(1):B,0
8BRR(1):B_9EAV(1):A,0
8YNX(1):A_8ONW(1):D,0
9QAA(1):A_8SNK(1):B,0
9ILT(1):A_9WBE(1):A,0
8T6N(1):H_8PF5(1):C,0
8ONW(1):D_9HNG(1):B,0
9W3A(1):A_8BRS(1):A,0
9VZC(1):A_8GKO(1):A,0
8SJJ(1):C_9ZEE(1):B,0
9ZBE(1):A_9JM8(1):B,0
9S6C(1):A_9L7W(1):A,0
9X2R(1):A_8PEL(1):E,0
9G87(1):A_9WBE(1):D,0
8UAI(1):C_8K0H(1):B,0
8PF5(1):B_9F26(1):C,0
8K0H(1):B_8VET(1):B,0
9RK9(1):B_8S83(1):C,0
8BWV(1):A_9PZK(1):B,0
8I3E(1):B_9H5R(1):B,0
8P9U(1):C_9JDI(1):C,0
8XUD(1):I_9MYT(1):B,0
8UH1(1):A_9I25(1):C,0
8CRA(1):A_9QAA(1):B,0
8UH1(1):B_8Y77(1):A,0
8VUF(1):B_9GCO(1):C,0
9Z7O(1):A_9Z7O(1):C,1
9CCK(1):A_8XEH(1):A,0
9C10(1):B_8FUM(1):D,0
8K0H(1):A_9IKB(1):C,0
9VZC(1):A_9OLQ(1):B,0
8S1X(1):B_8STU(1):B,0
8HS8(1):C_8ONW(1):C,0
8X3G(1):C_12NP(1):A,0
8RP0(1):CCC_8U6F(1):B,0
8BRQ(1):B_8U6G(1):B,0
8FBD(1):B_9MNO(1):E,0
9ST4(1):A_9V8I(1):B,0
8RP0(1):CCC_8RP0(1):AAA,1
8U45(1):C_9W3A(1):A,0
8T6E(1):B_8TYX(1):A,0
8PF5(1):A_9NSD(1):G,0
9KZL(1):C_8T6N(1):A,0
8JMR(1):B_8EZR(1):A,0
8CRA(1):A_8TWD(1):C,0
8U6F(1):B_9DK1(1):B,0
8RP1(1):AAA_8HR0(1):C,0
9BGL(1):B_9K1U(1):C,0
9DK1(1):B_9DK1(1):A,1
9KUE(1):C_9H9V(1):H,0
8CB2(1):BBB_9HAE(1):A,0
8TK9(1):A_8CM0(1):B,0
8FCC(1):B_8IH8(1):C,0
8I2E(1):A_8PEL(1):G,0
8TK9(1):B_8YNX(1):B,0
8Q66(1):A_9K1L(1):B,0
8BOZ(1):B_8ZA7(1):B,0
8BOZ(1):B_9M3I(1):D,0
9M3I(1):A_9NTO(1):A,0
8BGM(1):B_8ROH(1):A,0
9PCA(1):B_9HLO(1):A,0
8PU3(1):C_8RP2(1):CCC,0
8PU1(1):A_8OUA(1):A,0
8J48(1):B_8J48(1):D,1
9P3F(1):B_8P9U(1):C,0
9EAV(1):D_8XT8(1):A,0
8RYI(1):B_9F79(1):C,0
8GMH(1):B_8I2F(1):B,0
8VLM(1):B_8PEL(1):G,0
9BKX(1):D_8Q66(1):B,0
9V8I(1):A_9R2Z(1):A,0
9JWA(1):B_8FCC(1):A,0
8HHJ(1):B_9NSD(1):B,0
8PU3(1):A_8HDD(1):A,0
8QHN(1):D_9U8R(1):A,0
9IZ3(1):B_9IZ3(1):A,1
8PF5(1):A_9UDL(1):A,0
8PU3(1):C_9R2Z(1):B,0
8PU1(1):B_8QNQ(1):A,0
9EAV(1):C_8S05(1):A,0
8FFX(1):B_8ROH(1):B,0
8IGD(1):C_8TYX(1):B,0
8YRE(1):D_8YRE(1):A,1
9K1L(1):A_9P3F(1):A,0
9NTN(1):G_8EZR(1):B,0
9CCV(1):B_9H7Y(1):A,0
9BIY(1):A_8I2F(1):B,0
9UDL(1):A_9EAV(1):C,0
9ZDM(1):B_8BFI(1):B,0
9GCO(1):B_8XTA(1):A,0
9GWJ(1):D_8YN0(1):C,0
8WT4(1):B_8WT4(1):A,1
8T6C(1):C_8WHI(1):A,0
8XT8(1):B_8SNF(1):D,0
9C10(1):A_8R3A(1):B,0
9WBE(1):D_8SNK(1):I,0
8ONW(1):F_8Y2Z(1):B,0
9K3E(1):B_9K3E(1):C,1
30KX(1):E_9R2Z(1):B,0
8SNF(1):D_9IZ3(1):B,0
8T6E(1):B_8CCQ(1):A,0
8BGM(1):B_8PU1(1):A,0
8ZA7(1):B_9GWJ(1):C,0
8CB2(1):BBB_9ZLL(1):D,0
8T6C(1):E_9HLS(1):A,0
8BRR(1):B_12NP(1):A,0
9GAI(1):B_9NSD(1):G,0
8VET(1):B_9R2Z(1):B,0
8C4X(1):A_9ZEE(1):B,0
9H9V(1):A_8ZD3(1):B,0
8I2E(1):A_9EYU(1):A,0
8RYI(1):A_8TYS(1):B,0
9ILT(1):D_9ILT(1):A,1
8VEO(1):A_9L5U(1):A,0
9KAN(1):A_8PF5(1):C,0
9VO4(1):B_9VO4(1):A,1
8PEL(1):E_8OWS(1):C,0
9L7W(1):A_8Q03(1):A,0
9J4P(1):A_8XYF(1):A,0
9G87(1):B_9MZ5(1):C,0
8GKO(1):C_8I2F(1):B,0
9DCZ(1):B_9DCZ(1):A,1
9NSD(1):G_9L6B(1):A,0
8UH1(1):A_8HFP(1):C,0
9ZEE(1):A_8XYF(1):A,0
8XT8(1):B_8U6D(1):B,0
8TK9(1):A_8HCI(1):B,0
9JM8(1):B_8I3F(1):B,0
9EA8(1):B_8R7D(1):A,0
8IGD(1):B_9P3F(1):B,0
9C10(1):A_9H9V(1):A,0
9G8U(1):B_8Y77(1):A,0
8OW6(1):B_8SNK(1):B,0
9EAV(1):C_9ST8(1):B,0
9QAA(1):A_8JI9(1):A,0
8WT0(1):B_8QHN(1):A,0
8C0D(1):B_9V8I(1):A,0
9LPG(1):E_8RQZ(1):B,0
8VUM(1):B_9KUE(1):B,0
8WOK(1):A_9UX0(1):A,0
9R2Z(1):A_8ROH(1):A,0
9PCA(1):B_9JDD(1):B,0
8ROH(1):A_9OMD(1):C,0
9KAH(1):C_9BGL(1):A,0
8J4B(1):B_9H9V(1):A,0
8Q66(1):A_9KAH(1):A,0
9KAN(1):B_8TK9(1):A,0
9M3I(1):A_8PU1(1):A,0
9H5R(1):B_9H5R(1):A,1
9NTO(1):B_9QAA(1):A,0
9E1J(1):A_9DCZ(1):A,0
9JDD(1):B_9JDD(1):A,1
9R2Z(1):B_8PEL(1):C,0
8RIU(1):B_8T6N(1):H,0
8BGM(1):A_8G0K(1):B,0
9NSD(1):G_9JWA(1):A,0
8Y2Z(1):B_9VO5(1):B,0
8GJU(1):A_9Q1H(1):B,0
9JDI(1):A_9WBE(1):D,0
8P9U(1):A_9KO8(1):C,0
9X2R(1):A_8Y96(1):A,0
9RGL(1):F_8C26(1):B,0
8YN0(1):D_8Y96(1):A,0
9BAE(1):A_9Q1H(1):A,0
8WT4(1):B_11LJ(1):A,0
9UB9(1):A_8U6D(1):A,0
9L5U(1):C_9EYU(1):B,0
8OUA(1):A_9WBE(1):D,0
9H9V(1):E_8R7A(1):B,0
8I2F(1):A_8HCI(1):A,0
21VU(1):A_8STU(1):B,0
9I25(1):C_9DCZ(1):A,0
9V8I(1):B_9X2R(1):A,0
8OWS(1):C_8FCC(1):B,0
9PHV(1):D_9PHV(1):A,1
9PCA(1):A_8U6N(1):A,0
9ZEE(1):A_8ZVX(1):B,0
9ILT(1):G_8OUA(1):A,0
8HXI(1):B_8FUL(1):A,0
8FFX(1):A_8YNX(1):B,0
9X2R(1):A_8PEL(1):C,0
8XUD(1):I_9PR8(1):C,0
8U6N(1):B_8U6N(1):A,1
12NP(1):A_8ORN(1):B,0
9I25(1):C_9EYU(1):B,0
8Y2Z(1):B_21VU(1):A,0
8J09(1):B_9GCO(1):C,0
8PF5(1):B_9UVE(1):C,0
9VZC(1):A_8VEO(1):A,0
8R7A(1):B_9KUE(1):B,0
9CCV(1):B_9CCV(1):A,1
9KUE(1):B_11LJ(1):A,0
9LPG(1):E_8R7A(1):A,0
9HBL(1):B_8FBD(1):B,0
9H7Y(1):A_9IKB(1):B,0
8WHM(1):B_8WHM(1):A,1
9L7W(1):B_9RGL(1):F,0
9Q1H(1):A_8WT4(1):B,0
9H7Y(1):B_8R7A(1):A,0
9UX0(1):A_8RZZ(1):C,0
9P3F(1):A_9HAD(1):B,0
9G8U(1):B_8YNX(1):A,0
8T9O(1):A_9B7D(1):A,0
9KAN(1):B_8HS8(1):C,0
8Z22(1):B_8PQQ(1):A,0
8HS8(1):C_9ZLL(1):E,0
8WT4(1):A_8QNQ(1):C,0
9K1U(1):C_8ROJ(1):A,0
8CCQ(1):B_8CCQ(1):A,1
9JWA(1):B_9JWA(1):A,1
8FUM(1):D_8C0J(1):A,0
8CRA(1):E_8CN3(1):A,0
8T0P(1):B_8ZA7(1):A,0
9MZ5(1):C_9U8R(1):A,0
8T9O(1):B_8T9O(1):A,1
8C4Z(1):B_9ZBE(1):A,0
9LEW(1):B_8VLM(1):B,0
8BGM(1):A_8HFP(1):C,0
9WAQ(1):B_9KZL(1):C,0
9KAH(1):A_9VLL(1):B,0
8EZR(1):B_9QAA(1):B,0
9HMX(1):A_9B7D(1):B,0
8GJU(1):A_9BAE(1):B,0
8RP0(1):CCC_8S1X(1):B,0
9J9W(1):B_8WT0(1):A,0
9LEW(1):B_9JWA(1):A,0
9NTO(1):A_9P1C(1):A,0
9NTO(1):A_9PCA(1):B,0
9HBL(1):A_8J48(1):B,0
9IKB(1):B_9R84(1):A,0
8STS(1):A_8RYI(1):A,0
8FFX(1):B_8S83(1):B,0
8QVC(1):A_8R3A(1):A,0
9U8R(1):G_8ROJ(1):A,0
8QNL(1):C_8QNL(1):A,1
8ZD3(1):A_8ZHT(1):B,0
9BAE(1):B_9V8I(1):B,0
9AVF(1):A_9MYR(1):B,0
9VO4(1):A_8ONW(1):B,0
8PF5(1):A_8J09(1):B,0
8UH1(1):A_8CM0(1):A,0
9B7D(1):A_9M3I(1):A,0
8P9U(1):A_8C0D(1):C,0
9B7D(1):A_8ORN(1):A,0
8BGM(1):A_8FZZ(1):A,0
21ZX(1):C_8QHN(1):D,0
30KY(1):B_9ILT(1):A,0
9F79(1):C_9MZ5(1):C,0
8C0J(1):A_8Q66(1):A,0
8GKO(1):C_8GJU(1):H,0
9MNO(1):E_9J4P(1):B,0
8S83(1):B_8HDD(1):C,0
9Q1H(1):A_8HFP(1):C,0
8PUT(1):E_9BAE(1):A,0
8SNK(1):I_8I2E(1):B,0
8CN3(1):A_8FZZ(1):A,0
8OUA(1):C_9HAC(1):B,0
9SDC(1):C_8FUL(1):A,0
8SNK(1):B_8SNK(1):I,1
8PF5(1):B_8T19(1):A,0
8UH1(1):B_8OWS(1):C,0
8K0H(1):A_9F79(1):C,0
9DOD(1):A_9MZ5(1):B,0
9WAQ(1):A_8C26(1):A,0
8PEL(1):F_9K1U(1):C,0
9RGL(1):A_8J49(1):A,0
8TYS(1):A_9GCO(1):C,0
8T6N(1):H_8VET(1):A,0
8RQZ(1):C_8RQZ(1):B,1
9KW6(1):A_8EZR(1):A,0
9P1C(1):B_8WOK(1):A,0
8ROI(1):A_8YNX(1):A,0
9GAI(1):A_8CB2(1):AAA,0
9PZK(1):B_8R7D(1):B,0
8T9O(1):A_8ROH(1):B,0
8ROH(1):B_8SJJ(1):C,0
8VUM(1):A_9UB9(1):B,0
9MZ5(1):B_9F79(1):A,0
9HBL(1):A_9LP2(1):A,0
9H9V(1):E_9B7D(1):A,0
9CCV(1):B_8Q03(1):A,0
8Q2E(1):C_8Q2E(1):B,1
9PHV(1):D_8TWD(1):A,0
8PUT(1):E_8PQQ(1):A,0
9GWJ(1):C_8J64(1):B,0
9QAA(1):A_8GJU(1):A,0
9JDD(1):A_9KO8(1):A,0
8FFX(1):A_8GMH(1):D,0
8STP(1):A_9U8Q(1):A,0
9JDI(1):C_8TWD(1):C,0
9GWJ(1):D_8VEO(1):A,0
9LPG(1):A_8UAI(1):C,0
8RYI(1):B_21VU(1):A,0
8RZZ(1):A_9SJ6(1):A,0
9JM8(1):B_9JM8(1):A,1
9VO4(1):A_9C10(1):B,0
8Q66(1):B_9IKB(1):C,0
9P1C(1):B_9NTO(1):B,0
9BKX(1):D_9S6C(1):A,0
8BRQ(1):A_8BWV(1):B,0
8TWD(1):C_9HLO(1):B,0
8HR0(1):B_8Q2E(1):B,0
9UTY(1):A_8XYF(1):B,0
9KAH(1):A_8WHL(1):A,0
9GZQ(1):B_9F26(1):A,0
8UH1(1):A_8T0P(1):B,0
8EY4(1):I_8YRE(1):A,0
8HHJ(1):A_9AVF(1):A,0
8ZVX(1):B_8ZHT(1):A,0
9ILT(1):G_9T38(1):A,0
9P3F(1):B_8ZA7(1):B,0
9DOD(1):B_9DOD(1):A,1
9KW6(1):A_9ZLL(1):D,0
8EY4(1):I_8YRE(1):D,0
8RZZ(1):A_8BFI(1):C,0
8C4Z(1):A_8XYF(1):A,0
8ONW(1):E_9X2R(1):A,0
9M3I(1):A_8FBD(1):B,0
21ZX(1):F_8U6F(1):A,0
9U8Q(1):A_8GM8(1):A,0
8U45(1):A_8UAI(1):B,0
8YN0(1):C_9U8R(1):G,0
8ROH(1):B_9EA8(1):A,0
8G0K(1):B_8G0K(1):A,1
9ZCS(1):A_8Q66(1):A,0
9L5U(1):A_8U6F(1):A,0
8QHN(1):A_8STP(1):A,0
9DK1(1):B_8BFI(1):B,0
8FZZ(1):B_9EAV(1):D,0
9C10(1):A_8YN0(1):D,0
8XTA(1):B_9GAI(1):D,0
9M3I(1):D_8YRE(1):A,0
8C4X(1):A_8BWV(1):A,0
12NP(1):C_8JI9(1):B,0
9PZK(1):B_8QVC(1):B,0
8JDI(1):E_8JDI(1):A,1
8Y2Z(1):B_8I3F(1):B,0
9IKB(1):G_9PR8(1):C,0
8U45(1):A_8U45(1):C,1
9UB9(1):A_9HLO(1):B,0
8VLM(1):B_8HHJ(1):A,0
30KX(1):E_9ZLL(1):F,0
9GWJ(1):C_9NTO(1):A,0
9HMX(1):A_9VO5(1):B,0
9ZBE(1):B_8WHI(1):F,0
9IKB(1):C_8YN0(1):D,0
8ROI(1):A_9EAE(1):C,0
8Z22(1):C_8EY4(1):I,0
8ROH(1):B_8OWU(1):B,0
9M3I(1):A_8Y96(1):C,0
8C4Z(1):B_8XSU(1):C,0
9R84(1):A_8TK9(1):A,0
8FE8(1):B_9JWA(1):B,0
9EYU(1):B_8FE8(1):A,0
8WOK(1):B_9DCZ(1):B,0
8TYX(1):A_8VET(1):B,0
8RP0(1):AAA_8U6F(1):B,0
8VLM(1):B_8ZD3(1):B,0
9LP2(1):C_9ZCS(1):B,0
9KO8(1):A_8RPP(1):D,0
8I2E(1):B_8EY4(1):I,0
9MYT(1):B_8STS(1):B,0
9RGL(1):F_8TWD(1):C,0
8ONW(1):F_8ONW(1):B,1
8SJJ(1):C_9PHV(1):D,0
8XT8(1):A_8HHJ(1):A,0
9P1C(1):B_8VET(1):A,0
8T6C(1):C_8I2F(1):A,0
8Q66(1):A_9E15(1):A,0
8WHL(1):E_8WHL(1):A,1
8Z22(1):B_8Y77(1):A,0
9K3E(1):B_9ZLL(1):D,0
9M3I(1):C_9Q1H(1):B,0
9NSD(1):G_9NSD(1):B,1
8C0D(1):B_8C0D(1):A,1
8YRE(1):A_8HXI(1):B,0
9G87(1):B_8BGM(1):B,0
8HHJ(1):A_8I2E(1):B,0
8U45(1):A_8FE8(1):B,0
8TYX(1):A_9MZ5(1):B,0
9PHV(1):A_8XTA(1):A,0
8R7D(1):B_8R7D(1):A,1
8SNK(1):I_9EAE(1):C,0
21VU(1):H_8HS8(1):A,0
8CCQ(1):A_8BRQ(1):A,0
9KZL(1):C_9KZL(1):A,1
9KUE(1):C_8WHH(1):E,0
9M3I(1):D_9M3I(1):C,0
8U6D(1):A_9HMX(1):B,0
9BAE(1):B_9BAE(1):A,1
8GMH(1):C_9SJ6(1):C,0
8HFP(1):A_9Z7O(1):A,0
9EYU(1):A_8J49(1):A,0
8Q2E(1):B_8BRT(1):B,0
8G0P(1):A_9G8U(1):B,0
9KW6(1):C_9OMD(1):I,0
8JMR(1):B_9BAE(1):B,0
8WHI(1):F_8T6N(1):H,0
8RZZ(1):A_8U6H(1):B,0
8Y96(1):A_8J48(1):D,0
8U6F(1):B_8U6F(1):A,1
9B7D(1):B_8T0P(1):B,0
8XSU(1):D_8WHL(1):E,0
8R7A(1):B_8S05(1):C,0
9EAV(1):C_9GWJ(1):C,0
8PUT(1):A_8FZZ(1):B,0
9BIY(1):B_9BIY(1):A,1
8PUT(1):A_9JDD(1):A,0
9HLS(1):A_9FN0(1):B,0
8PF5(1):B_8PF5(1):A,1
8Z22(1):B_8Y96(1):A,0
9DD1(1):C_8GMH(1):B,0
8J48(1):D_30KX(1):E,0
9UVD(1):C_8IH8(1):A,0
9MYT(1):A_21VU(1):H,0
8Y2Z(1):B_9MNO(1):E,0
9G87(1):A_9ZBE(1):B,0
8RZZ(1):A_8RP1(1):AAA,0
8PUT(1):E_8UF4(1):A,0
8CN3(1):A_8STP(1):A,0
8ONW(1):D_9BGL(1):B,0
8ZHT(1):B_8C4Z(1):B,0
9RMM(1):A_9KAH(1):A,0
8I2E(1):B_8Y96(1):A,0
9EAE(1):C_8STS(1):A,0
9L5U(1):A_8VUF(1):A,0
8FZZ(1):B_8FZZ(1):A,1
9GWJ(1):D_9NTN(1):G,0
9KUE(1):C_8RQZ(1):C,0
9UB9(1):B_8RPP(1):A,0
8ORN(1):B_8ORN(1):A,1
9J9W(1):A_9HNG(1):A,0
9IKB(1):C_9IZ3(1):B,0
9KUE(1):A_9H9V(1):H,0
8UAI(1):C_9ILT(1):D,0
8QNL(1):A_9DK1(1):A,0
8HR0(1):C_8HR0(1):B,1
8PEL(1):E_9Z7O(1):A,0
8BFI(1):B_9K3E(1):B,0
8ONW(1):E_8ZHT(1):B,0
9VO5(1):A_30KY(1):B,0
9ILT(1):E_9CCV(1):B,0
9SDC(1):A_8S05(1):C,0
9KO8(1):C_9KO8(1):A,1
8ROH(1):B_8XYF(1):B,0
9IKB(1):C_9IKB(1):B,1
8TK9(1):A_8CN3(1):A,0
9RGL(1):A_9OMD(1):I,0
9BT4(1):G_9JM8(1):A,0
8JMQ(1):B_8VLM(1):B,0
9DD1(1):A_9GZQ(1):A,0
9KUE(1):C_8Y77(1):B,0
9L5U(1):C_8GKO(1):C,0
8RP0(1):CCC_9KAH(1):A,0
8IH8(1):A_9VZC(1):B,0
8VUF(1):B_9P3J(1):B,0
8SSM(1):C_9EA8(1):B,0
8RP0(1):AAA_9HAD(1):C,0
9EAV(1):C_8ONW(1):D,0
9SDC(1):A_9GAI(1):D,0
9WBE(1):D_8PFC(1):B,0
8FAR(1):B_8EZR(1):B,0
8XYF(1):A_9JDD(1):B,0
9S6C(1):C_9T38(1):B,0
8SJJ(1):C_8YRE(1):A,0
8JDI(1):E_8CRA(1):A,0
8HHJ(1):B_8FCC(1):B,0
8J49(1):B_8VEO(1):A,0
11LJ(1):C_9CCV(1):A,0
8SJJ(1):A_8RPP(1):D,0
8I3F(1):A_9KZL(1):C,0
8Y2Z(1):A_8CB2(1):AAA,0
9JDD(1):A_9R2Z(1):B,0
8HHJ(1):A_9PCA(1):A,0
8HR0(1):C_9WAQ(1):A,0
8HFP(1):C_9GWJ(1):C,0
8J64(1):A_9HAD(1):B,0
8BRS(1):A_9DCZ(1):A,0
9MZ5(1):B_8S05(1):C,0
30KX(1):D_30KX(1):E,1
8HS8(1):A_9UB9(1):B,0
8GJU(1):H_8WHH(1):A,0
8I3E(1):C_9MOJ(1):B,0
9ST8(1):A_9H9V(1):A,0
9MYR(1):B_8PF5(1):A,0
9ZCS(1):B_8ROH(1):A,0
8I3F(1):B_8IGD(1):C,0
8ZVX(1):B_8CN3(1):B,0
9JDD(1):A_9DK1(1):B,0
9Q9V(1):B_8C0D(1):B,0
9VO5(1):B_9P3F(1):A,0
8RQZ(1):C_9V8I(1):A,0
8SJJ(1):A_8TYX(1):B,0
9VZY(1):A_9ILT(1):C,0
9KW6(1):C_8I2E(1):B,0
8I3E(1):C_8T0P(1):B,0
9SDC(1):A_9DK1(1):B,0
8PF5(1):B_9DCZ(1):A,0
8UF4(1):B_8UF4(1):A,1
9U8R(1):G_9ILT(1):A,0
9WBE(1):A_8XUD(1):I,0
8ORN(1):B_9H5R(1):B,0
8BOZ(1):A_8U6G(1):A,0
8WHL(1):E_8PU3(1):C,0
8U6G(1):A_9KW6(1):C,0
8QNQ(1):C_8VET(1):B,0
8HFP(1):C_8T0P(1):A,0
8Q2E(1):A_8FZZ(1):A,0
9R2Z(1):A_8FZZ(1):A,0
8G0P(1):B_8Y96(1):C,0
9BIY(1):A_8FBD(1):B,0
8IE2(1):A_8OUA(1):A,0
8FZZ(1):A_8HCI(1):A,0
9HAC(1):B_9W3A(1):E,0
8Q2E(1):A_8HDD(1):B,0
8YNX(1):B_9NTO(1):B,0
9WBE(1):A_8BWV(1):B,0
9S6C(1):C_9VO4(1):A,0
8IE2(1):A_8VEO(1):B,0
9MYR(1):B_8PU3(1):C,0
9F79(1):A_8S05(1):C,0
8CN3(1):A_8T0P(1):A,0
9J9W(1):A_9M3I(1):C,0
9ZEE(1):B_9HAD(1):B,0
9LP2(1):A_9ZCS(1):A,0
9HBL(1):A_9H9V(1):B,0
9JDD(1):A_8I8Y(1):A,0
9MYT(1):B_9UVD(1):C,0
8FFX(1):B_8JDI(1):A,0
9KUE(1):C_8WHL(1):E,0
9ILT(1):C_8XTA(1):A,0
8PEL(1):G_8PFC(1):A,0
8T6N(1):A_8VUM(1):B,0
8IE2(1):E_9X2R(1):A,0
8BWV(1):A_8SNK(1):I,0
8IE2(1):A_8J48(1):B,0
9W3A(1):E_9P3F(1):A,0
9P1C(1):B_8RJA(1):F,0
9UVE(1):B_8JMR(1):A,0
9ZEE(1):B_8TK9(1):A,0
11LJ(1):A_8QNQ(1):C,0
9FN0(1):A_9JDD(1):B,0
9P3F(1):B_9QAA(1):A,0
8BFI(1):B_8BRT(1):B,0
8ROH(1):B_8K0H(1):A,0
8YRE(1):D_8XSU(1):C,0
9HMX(1):A_9JWA(1):B,0
8S2M(1):B_8HDD(1):B,0
9ILT(1):G_9UTY(1):A,0
8RZZ(1):C_9BAE(1):B,0
8Q03(1):C_9NTN(1):G,0
8I2E(1):B_8J4B(1):B,0
30KY(1):B_8JMR(1):B,0
9IKB(1):C_9BAE(1):A,0
8CRA(1):E_8CRA(1):A,1
9EAE(1):A_9Q1H(1):B,0
8JDI(1):A_8WHM(1):A,0
9U8R(1):G_8ORN(1):B,0
9R2Z(1):B_21ZX(1):C,0
9G87(1):B_8JI9(1):B,0
8GKO(1):C_9Q9V(1):B,0
8WHH(1):A_8S83(1):C,0
9F26(1):C_8OW6(1):A,0
9Q9V(1):B_9P3J(1):B,0
9SJ6(1):C_8T19(1):B,0
8SSM(1):B_9NTN(1):A,0
9H9V(1):A_8I2F(1):A,0
9V8I(1):B_8HR0(1):C,0
8S2M(1):A_8CCQ(1):A,0
9R84(1):B_8VLM(1):B,0
9M3I(1):A_8I8Y(1):B,0
8ZVX(1):A_9HLS(1):B,0
8U45(1):C_8HXI(1):B,0
8FBD(1):B_9WBE(1):D,0
8YRE(1):D_9DD1(1):A,0
8PEL(1):D_8PEL(1):C,1
8XEH(1):A_9BIY(1):A,0
8WT4(1):B_8BOZ(1):B,0
8T6E(1):A_9MYT(1):B,0
8SNF(1):A_8FBD(1):B,0
8J09(1):B_8WOK(1):A,0
9OK4(1):B_8ZD3(1):A,0
8RZZ(1):A_8ZHT(1):A,0
9U8R(1):A_8J4B(1):B,0
9KW6(1):C_8JI9(1):B,0
9AVF(1):B_9AVF(1):A,1
8RJA(1):F_8ORN(1):B,0
8BWV(1):B_8OW6(1):A,0
8ONW(1):C_8QL1(1):A,0
9V8I(1):B_9RK9(1):A,0
9VO4(1):B_8HS8(1):A,0
9V8I(1):B_8SNF(1):D,0
9BGL(1):B_8ROH(1):B,0
9V8I(1):B_8K0H(1):A,0
9L7W(1):A_8T9O(1):A,0
9QAA(1):A_9Z7O(1):C,0
9HLO(1):A_9GWJ(1):D,0
8J49(1):A_9OMD(1):I,0
9ST8(1):A_8BRQ(1):B,0
9H9V(1):E_9ILT(1):E,0
8IGD(1):B_8G0P(1):B,0
9BT4(1):E_8RZZ(1):A,0
8TYS(1):A_8PFC(1):A,0
8OUA(1):C_8OUA(1):A,1
8PUT(1):E_8Z22(1):C,0
8S05(1):A_8XUD(1):A,0
8G0K(1):B_8PQQ(1):A,0
8G0K(1):A_9VZC(1):A,0
9KAN(1):B_9KAN(1):A,1
9H9V(1):A_9SDC(1):C,0
9EAE(1):C_9KUE(1):C,0
8Y2Z(1):B_8QVC(1):B,0
9GAI(1):C_9GAI(1):B,1
9LPG(1):A_9LPG(1):E,1
8RJA(1):E_8TK9(1):B,0
8Y96(1):C_8Y96(1):A,1
8I2F(1):A_9H7Y(1):B,0
9LPG(1):E_9ILT(1):A,0
9KUE(1):C_8J64(1):A,0
8I3E(1):B_8QL1(1):A,0
8J09(1):B_9T38(1):A,0
9ZCS(1):A_8QHN(1):D,0
8IE2(1):E_8RP2(1):CCC,0
9OK4(1):C_9JM8(1):B,0
8S05(1):A_9BT4(1):B,0
8SNK(1):I_8RP2(1):CCC,0
9L6B(1):A_8FFX(1):B,0
9UVD(1):B_8GJU(1):A,0
9RGL(1):F_9RGL(1):A,1
8SNF(1):D_8GMH(1):D,0
8BFI(1):C_9GWJ(1):D,0
8U6N(1):A_8RP0(1):CCC,0
8U6N(1):A_8TK9(1):B,0
8C4X(1):A_8BRR(1):A,0
8WT4(1):A_9VLL(1):A,0
8SNK(1):B_9ILT(1):A,0
9H9V(1):E_8PUT(1):E,0
8RP0(1):AAA_8STU(1):B,0
8EY4(1):I_9HMX(1):A,0
8PEL(1):E_8ONW(1):D,0
8UAI(1):C_8C26(1):B,0
8FZZ(1):A_8IGD(1):B,0
9GAI(1):D_9GAI(1):C,1
8YNX(1):A_8OW6(1):B,0
8HHJ(1):A_8T9O(1):A,0
9B7D(1):B_9B7D(1):A,1
8RPP(1):A_9H7Y(1):A,0
9BT4(1):A_9HAE(1):A,0
11LJ(1):A_8BRT(1):B,0
9UTY(1):B_9P3J(1):A,0
9KAH(1):C_9ZCS(1):A,0
8BRS(1):A_8GJU(1):H,0
8ZHT(1):A_9S6C(1):C,0
8RIU(1):C_9ERV(1):B,0
9M3I(1):D_8J09(1):B,0
9RK9(1):B_9H7Y(1):B,0
8T6E(1):B_8T6E(1):A,1
8T6N(1):H_9IKB(1):G,0
9ZDM(1):B_9W3A(1):A,0
8ONW(1):B_9X2R(1):B,0
8R3A(1):B_8BRT(1):A,0
8HDD(1):C_8C4X(1):A,0
8YN0(1):D_9H9V(1):B,0
8JMR(1):A_9J4P(1):A,0
9DD1(1):C_9DD1(1):A,1
8VEO(1):A_8FZZ(1):B,0
8VEO(1):A_8ONW(1):E,0
9ILT(1):D_8WT0(1):B,0
9FN0(1):B_9FN0(1):A,1
8U6H(1):B_9BT4(1):B,0
8Q03(1):C_8WHL(1):E,0
9UDL(1):A_8WOK(1):A,0
8U45(1):A_9HBL(1):A,0
8WT0(1):A_9NSD(1):B,0
8QNL(1):A_8SSM(1):C,0
8Y2Z(1):B_9HAD(1):C,0
9BIY(1):A_8PF5(1):A,0
8HR0(1):B_9NTN(1):G,0
9JM8(1):A_8UF4(1):A,0
9ST8(1):B_9OLQ(1):B,0
8C0J(1):A_8U6N(1):B,0
8BWV(1):B_9K3E(1):C,0
9OLQ(1):B_9VZY(1):A,0
8P9U(1):A_8IE2(1):E,0
8J64(1):A_8HHJ(1):A,0
8YN0(1):C_9CCK(1):C,0
8YRE(1):D_9HLS(1):A,0
9UB9(1):B_9QAA(1):B,0
9PZK(1):B_8FE8(1):A,0
8QNQ(1):C_8QNQ(1):A,1
9VNJ(1):B_9X2R(1):B,0
9ZLL(1):D_9JM8(1):B,0
8T6E(1):A_8Q66(1):B,0
8BFI(1):B_30KX(1):D,0
9ILT(1):G_9EA8(1):A,0
8BFI(1):B_8ROH(1):A,0
8IGD(1):C_8IGD(1):B,1
9KAN(1):B_9EAV(1):D,0
9M3I(1):C_8UF4(1):B,0
8QVC(1):B_9UX0(1):A,0
8TYX(1):B_8TYX(1):A,1
9VLL(1):B_9VLL(1):A,1
8WHL(1):A_9EA8(1):A,0
9ZDM(1):B_8VET(1):A,0
8XSU(1):C_8I2F(1):B,0
8JDI(1):A_8C0D(1):B,0
8SNF(1):D_9T38(1):A,0
9HLO(1):B_9HLO(1):A,1
9ILT(1):E_8RQZ(1):B,0
8I2E(1):A_9M3I(1):D,0
8RP1(1):CCC_9V8I(1):B,0
8FFX(1):B_8CM0(1):B,0
9H5R(1):A_8YRE(1):D,0
8ZD3(1):A_8IE2(1):E,0
8S83(1):B_9BKX(1):d,0
8HXI(1):B_8QVC(1):A,0
8HDD(1):C_8HDD(1):A,1
9RK9(1):A_8PEL(1):B,0
8G0P(1):A_8I2F(1):B,0
8HS8(1):A_8XTA(1):A,0
8P9U(1):C_9UTY(1):A,0
8Q66(1):B_9U8R(1):G,0
8UAI(1):C_8RP2(1):AAA,0
8QVC(1):A_9H9V(1):H,0
9EAV(1):C_8ZA7(1):B,0
8XUD(1):I_21ZX(1):F,0
9ILT(1):C_9JWA(1):A,0
9GZQ(1):B_9GZQ(1):A,1
9H5R(1):A_9SJ6(1):C,0
8J48(1):D_9VLL(1):B,0
9Q9V(1):B_8STP(1):A,0
8UF4(1):A_8TK9(1):A,0
8JDI(1):E_9ZBE(1):A,0
9U8R(1):A_8G0K(1):B,0
9FN0(1):B_8T9O(1):B,0
8JMR(1):A_8BWV(1):A,0
9DK1(1):A_9K1U(1):B,0
8FE8(1):A_9J9W(1):A,0
9ZBE(1):B_9U8Q(1):G,0
9ERV(1):B_9BIY(1):A,0
8BWV(1):B_9IZ3(1):B,0
8T6C(1):E_8J09(1):B,0
8YRE(1):D_8Y96(1):C,0
8ROH(1):B_8ROH(1):A,1
9C10(1):A_9ZCS(1):B,0
9HAD(1):B_8I2E(1):A,0
8PEL(1):D_8QVC(1):A,0
9DCZ(1):A_8RP2(1):AAA,0
8R3A(1):B_8R3A(1):A,1
9J9W(1):A_8UAI(1):A,0
9PCA(1):B_9BT4(1):E,0
9BGL(1):B_9LEW(1):A,0
8G0K(1):A_9VLL(1):B,0
9HLS(1):B_8HS8(1):A,0
8WT0(1):B_8BWV(1):B,0
9DOD(1):B_9DCZ(1):A,0
8U6F(1):B_8WHM(1):B,0
8FCC(1):B_8PQQ(1):C,0
8OWS(1):C_9VO4(1):A,0
8BRT(1):B_9UTY(1):B,0
8C4X(1):A_9OMD(1):C,0
9KW6(1):C_8YN0(1):C,0
8VLM(1):A_9DK1(1):A,0
9OK4(1):C_9Q1H(1):B,0
8ONW(1):C_8PU1(1):A,0
9M3I(1):D_8SNK(1):I,0
8U6H(1):B_9UTY(1):B,0
8GMH(1):D_9HLO(1):B,0
8T9O(1):B_8PUT(1):A,0
9EAE(1):A_8Q2E(1):B,0
8G0K(1):B_9CCK(1):C,0
8PEL(1):G_8R7A(1):A,0
9H5R(1):B_8GMH(1):D,0
8I3F(1):A_8VUM(1):B,0
8HS8(1):C_8HS8(1):A,1
9KUE(1):B_8OW6(1):A,0
9LEW(1):A_8SJJ(1):A,0
8OWU(1):B_9P1C(1):B,0
9LP2(1):A_8RP2(1):CCC,0
9ILT(1):A_9GWJ(1):C,0
8ONW(1):E_8BRT(1):B,0
9CCV(1):A_8R7A(1):A,0
12NP(1):C_8PQQ(1):A,0
9RK9(1):B_9JM8(1):A,0
8OWS(1):A_8WT0(1):B,0
9G87(1):B_9KAH(1):A,0
8QNL(1):C_9PCA(1):B,0
8ONW(1):E_8BRQ(1):A,0
9U8R(1):G_8ZHT(1):B,0
8SNK(1):I_9KW6(1):C,0
9E15(1):A_9ZDM(1):B,0
8XEH(1):E_8J09(1):B,0
8XUD(1):I_8PEL(1):C,0
9KW6(1):A_8BRT(1):A,0
9EA8(1):B_8HR0(1):B,0
9EAE(1):A_9BGL(1):B,0
9WAQ(1):A_8J48(1):B,0
8I8Y(1):B_9MYT(1):A,0
8WT0(1):A_9T38(1):B,0
9M3I(1):A_9J9W(1):B,0
8K0H(1):B_9F26(1):C,0
8FAR(1):B_8FAR(1):A,1
9Z7O(1):A_8PU3(1):C,0
9BIY(1):A_8I3E(1):C,0
8RP1(1):CCC_8J64(1):A,0
9CCK(1):A_8OUA(1):A,0
9M3I(1):A_8CCQ(1):A,0
8RIU(1):B_9IZ3(1):B,0
8HS8(1):A_12NP(1):A,0
9K3E(1):C_9LEW(1):B,0
8PF5(1):C_9ST8(1):A,0
9ZDM(1):A_8RP1(1):CCC,0
8XTA(1):B_9KUE(1):C,0
8R3A(1):A_8HS8(1):C,0
8T19(1):B_21ZX(1):F,0
9T38(1):B_9KAH(1):A,0
9CCV(1):B_8PEL(1):C,0
8STU(1):A_8Q66(1):A,0
9E1J(1):A_9E1J(1):B,1
8K0H(1):B_9IKB(1):B,0
8HXI(1):B_8HS8(1):A,0
8XYF(1):A_9ILT(1):G,0
8VEO(1):A_8VEO(1):B,1
8OWS(1):C_9H9V(1):C,0
9E15(1):B_8GMH(1):B,0
8U45(1):C_8C0J(1):A,0
8VUF(1):B_8R7D(1):B,0
9EYU(1):A_8YRE(1):D,0
9HAE(1):A_9F26(1):C,0
8K0H(1):B_8P9U(1):C,0
9P3J(1):A_9ZEE(1):B,0
8JMQ(1):B_9R84(1):A,0
9Q9V(1):B_8XYF(1):A,0
9E15(1):A_8PF5(1):C,0
8T19(1):A_8YNX(1):B,0
8U6N(1):B_9UX0(1):B,0
8U6D(1):A_21VU(1):A,0
9EAV(1):A_8R7A(1):B,0
8PU1(1):B_8PU1(1):A,1
9L7W(1):A_9DOD(1):A,0
9JM8(1):A_8S1X(1):A,0
8UH1(1):A_9ILT(1):D,0
9DD1(1):A_8HR0(1):C,0
8WT4(1):B_8PU3(1):A,0
8TK9(1):A_8ONW(1):C,0
8RYI(1):A_9KO8(1):C,0
8WHM(1):B_21VU(1):A,0
9R84(1):A_8VEO(1):B,0
8Q03(1):A_8ZHT(1):B,0
8J4B(1):A_8Y96(1):A,0
8ROH(1):B_9H5R(1):B,0
9R2Z(1):B_8SSM(1):B,0
9UVD(1):B_9SDC(1):A,0
8VUF(1):A_9BAE(1):B,0
9R84(1):A_9P3J(1):A,0
8PEL(1):D_8ROJ(1):A,0
9M3I(1):D_8CRA(1):E,0
8I2F(1):A_8GMH(1):C,0
9PCA(1):B_9CCK(1):C,0
8UH1(1):A_9JDD(1):B,0
9KAH(1):A_8SNF(1):D,0
9P3J(1):A_9GZQ(1):A,0
8ZD3(1):A_9P1C(1):B,0
8OW6(1):A_8C0J(1):B,0
9KW6(1):C_9KW6(1):A,1
9BT4(1):E_9GZQ(1):A,0
8C0J(1):A_8Y2Z(1):A,0
9ZDM(1):B_9ZDM(1):A,1
9GCO(1):C_9GCO(1):B,1
8VLM(1):A_8T0P(1):B,0
9ZCS(1):B_8YNX(1):A,0
9OLQ(1):B_9OLQ(1):A,1
8X3G(1):C_8X3G(1):B,1
8C26(1):A_8T0P(1):B,0
9IKB(1):G_8C4X(1):B,0
8Y96(1):C_8ONW(1):D,0
8I3F(1):A_8BFI(1):B,0
9P3J(1):A_8UH1(1):A,0
8XTA(1):B_9C10(1):B,0
9QAA(1):B_9GWJ(1):D,0
9ST4(1):A_8Q03(1):A,0
8T9O(1):B_9Q9V(1):B,0
8CRA(1):A_8RP1(1):CCC,0
8BFI(1):C_8CRA(1):A,0
9ZCS(1):B_8GMH(1):C,0
8ZA7(1):A_8IH8(1):A,0
9EA8(1):B_8G0K(1):B,0
9JM8(1):B_8QL1(1):B,0
8WHH(1):E_9R2Z(1):A,0
8GKO(1):C_8GKO(1):A,1
8R3A(1):B_9FN0(1):A,0
9BT4(1):E_8ORN(1):B,0
8U45(1):A_9KAH(1):C,0
8Q03(1):C_9AVF(1):B,0
8FZZ(1):A_9ILT(1):C,0
9HAE(1):B_9ILT(1):G,0
9S6C(1):A_9DOD(1):A,0
9EA8(1):A_9L7W(1):A,0
8EZR(1):B_9HBL(1):B,0
9I25(1):C_9HMX(1):A,0
8RYI(1):B_9H9V(1):B,0
9VNJ(1):B_9LP2(1):C,0
9P3J(1):B_9P3J(1):A,1
9KW6(1):C_9BAE(1):A,0
9GCO(1):B_9GZQ(1):B,0
8RPP(1):A_8PF5(1):D,0
9K3E(1):B_8UH1(1):A,0
8Y2Z(1):A_8FUL(1):A,0
9UVE(1):C_8C4Z(1):B,0
9F79(1):A_8I2F(1):A,0
8ZVX(1):A_9NTO(1):B,0
8SSM(1):B_21VU(1):H,0
9JWA(1):A_8Q03(1):C,0
9ILT(1):F_8ROH(1):A,0
9VNJ(1):A_9G8U(1):A,0
9K1L(1):B_9K1L(1):A,1
9X2R(1):A_8PF5(1):A,0
8TWD(1):C_8TWD(1):A,1
8YN0(1):C_8YN0(1):D,1
9MYR(1):B_8J64(1):B,0
8WT4(1):B_9GZQ(1):A,0
9F79(1):C_9MYT(1):A,0
8TWD(1):C_8QVC(1):A,0
9GAI(1):B_8IGD(1):C,0
8FUL(1):B_9PR8(1):A,0
8BRT(1):B_9B7D(1):A,0
9KO8(1):C_8I2E(1):A,0
8J09(1):B_8ONW(1):F,0
8PEL(1):B_9HNG(1):B,0
8ROI(1):A_9KW6(1):A,0
9PHV(1):A_8C0J(1):A,0
8ROJ(1):B_8J48(1):B,0
8ZA7(1):A_8STS(1):A,0
9VZY(1):D_8U6D(1):A,0
9KZL(1):A_8YN0(1):D,0
8HCI(1):A_11LJ(1):A,0
8SNK(1):I_9PR8(1):C,0
8EY4(1):I_8RYI(1):B,0
8BOZ(1):B_8BWV(1):B,0
9MZ5(1):C_9HAC(1):A,0
8EY4(1):I_9HBL(1):A,0
9L7W(1):B_9GCO(1):C,0
9VO5(1):B_9VO5(1):A,1
8PEL(1):B_8HXI(1):A,0
9UX0(1):A_9RMM(1):A,0
8U6F(1):B_8PEL(1):E,0
9KAH(1):C_9ILT(1):F,0
8WHI(1):F_8JMR(1):B,0
9ST8(1):A_8WHH(1):A,0
9VO5(1):B_8TWD(1):A,0
8G0P(1):A_8I2E(1):A,0
9RGL(1):F_8BFI(1):C,0
8JMQ(1):A_9Q1H(1):B,0
8WHL(1):A_8J64(1):B,0
9HLS(1):B_9BIY(1):B,0
8HS8(1):C_8GM8(1):B,0
8G0K(1):A_9CCV(1):B,0
9HBL(1):A_8GM8(1):A,0
8XT8(1):B_8YRE(1):D,0
9JM8(1):A_8T9P(1):B,0
9BIY(1):A_8PF5(1):D,0
8VET(1):B_8RZZ(1):C,0
8Y77(1):B_8XEH(1):A,0
9PZK(1):A_9DK1(1):B,0
8SSM(1):B_9GAI(1):B,0
8XUD(1):A_8BFI(1):B,0
9F26(1):C_9F26(1):A,1
9JM8(1):B_9F79(1):A,0
8C0D(1):C_9I25(1):C,0
8T6C(1):E_8FFX(1):A,0
8S1X(1):B_9ST4(1):A,0
9PR8(1):C_9PR8(1):A,1
8T0P(1):A_8J4B(1):B,0
12NP(1):C_9JDI(1):A,0
9C10(1):B_9UTY(1):A,0
9Z7O(1):A_9Q1H(1):A,0
8S1X(1):A_8QNL(1):C,0
9S6C(1):A_8ROJ(1):A,0
9C10(1):A_8HCI(1):B,0
8C0J(1):A_8S83(1):C,0
8Y2Z(1):A_8I8Y(1):B,0
8QVC(1):A_8PF5(1):D,0
21ZX(1):F_21ZX(1):C,1
8U6H(1):B_9H9V(1):D,0
8SNF(1):A_8ZHT(1):A,0
9ZBE(1):A_9IKB(1):C,0
8HCI(1):A_8I3F(1):B,0
8HFP(1):C_8HFP(1):A,1
8RP1(1):CCC_9ILT(1):A,0
8JMR(1):B_8PU3(1):A,0
8PEL(1):D_8UF4(1):A,0
9K1U(1):B_9ZLL(1):E,0
9RMM(1):C_8GMH(1):B,0
8I3E(1):C_9ERV(1):A,0
8ZVX(1):B_11LJ(1):C,0
9WBE(1):D_9QAA(1):B,0
8FUL(1):A_9KO8(1):A,0
9HNG(1):B_8R7A(1):B,0
9NSD(1):G_9X2R(1):B,0
9ILT(1):E_9H5R(1):A,0
8BOZ(1):A_9Q9V(1):A,0
8IE2(1):A_8OWU(1):B,0
9ZDM(1):A_8HCI(1):A,0
9EA8(1):B_9H9V(1):E,0
8UAI(1):C_8UAI(1):A,1
9PHV(1):A_8SSM(1):B,0
9B7D(1):B_8OW6(1):B,0
9H9V(1):E_9BGL(1):A,0
8S2M(1):B_8S2M(1):A,1
8PEL(1):G_9DD1(1):A,0
9WBE(1):A_8U6H(1):A,0
8VET(1):B_8VET(1):A,1
8U6G(1):A_8PEL(1):G,0
9EAV(1):D_9L5U(1):C,0
9EAV(1):D_9MYT(1):B,0
9KAN(1):A_8WOK(1):A,0
9V8I(1):B_9WAQ(1):B,0
8C0J(1):B_9JM8(1):A,0
9S6C(1):C_9OMD(1):I,0
8HCI(1):A_8G0P(1):B,0
9E1J(1):B_8WT4(1):B,0
9U8R(1):A_8VEO(1):A,0
9KUE(1):A_8PU3(1):A,0
8VET(1):B_8I3E(1):C,0
8RP1(1):AAA_9R2Z(1):A,0
9JDD(1):A_8CB2(1):BBB,0
8PU1(1):B_8FUM(1):D,0
9F26(1):C_9UVD(1):C,0
8PU1(1):A_8PQQ(1):C,0
8EZR(1):B_9UDL(1):B,0
9J9W(1):B_9S6C(1):A,0
9MYR(1):B_8VET(1):B,0
9VLL(1):B_8XYF(1):B,0
9UB9(1):B_9H5R(1):B,0
9UB9(1):A_8OWS(1):A,0
8PEL(1):B_21VU(1):A,0
8OWS(1):C_8IE2(1):A,0
9MOJ(1):C_8T19(1):B,0
8PUT(1):E_8IGD(1):B,0
8RZZ(1):C_8RZZ(1):A,1
9EAE(1):A_8U45(1):A,0
9BT4(1):G_8SSM(1):B,0
9J9W(1):B_9H9V(1):D,0
9RGL(1):F_8PQQ(1):A,0
21ZX(1):C_9GWJ(1):D,0
8C0D(1):A_8BOZ(1):B,0
8VUM(1):A_8YRE(1):D,0
8BRR(1):B_9UVD(1):C,0
8HCI(1):A_9J4P(1):A,0
8BOZ(1):A_9JDI(1):A,0
8CN3(1):A_8C4X(1):A,0
9UX0(1):A_9ST4(1):A,0
8QNQ(1):A_9HBL(1):A,0
8WHL(1):E_9MOJ(1):B,0
9HLO(1):A_8RJA(1):E,0
8ROJ(1):B_9M3I(1):D,0
8TWD(1):A_30KY(1):C,0
9UVD(1):C_9UVD(1):B,1
8ROH(1):B_9UDL(1):B,0
8HDD(1):A_8RYI(1):B,0
9KO8(1):C_8YNX(1):A,0
8XYF(1):B_8ONW(1):E,0
9OMD(1):C_9UVD(1):C,0
9HMX(1):A_8JI9(1):A,0
9J9W(1):A_8OW6(1):A,0
8I3E(1):B_8PEL(1):C,0
8BRT(1):B_8XTA(1):A,0
8PQQ(1):A_9LEW(1):A,0
9HAC(1):B_9HAC(1):A,1
8SJJ(1):A_8R3A(1):A,0
9HLS(1):B_9HAD(1):C,0
9BKX(1):d_8HCI(1):A,0
8WOK(1):A_8U6H(1):B,0
8K0H(1):B_9DCZ(1):A,0
8GKO(1):C_9P3F(1):B,0
9ILT(1):F_9ST4(1):H,0
9UVD(1):C_8SNF(1):A,0
8WOK(1):A_9U8Q(1):G,0
9NSD(1):G_9PZK(1):A,0
9HMX(1):A_9MYR(1):B,0
8X3G(1):C_9ST8(1):A,0
8P9U(1):A_8Z22(1):C,0
8WHI(1):F_9SJ6(1):C,0
8PQQ(1):C_8PQQ(1):A,1
9JM8(1):B_9DOD(1):B,0
9VO5(1):A_9NTO(1):B,0
9UDL(1):A_8CN3(1):A,0
9DD1(1):C_9HAD(1):B,0
8OWU(1):D_9KO8(1):C,0
9J9W(1):B_9OK4(1):B,0
8BRT(1):B_8BRT(1):A,1
9LEW(1):A_8Q2E(1):B,0
9UDL(1):B_8BRR(1):A,0
8SJJ(1):A_8HDD(1):B,0
9L6B(1):A_8T19(1):B,0
8VLM(1):A_9ERV(1):A,0
8U6F(1):A_8X3G(1):C,0
9H9V(1):C_9VO5(1):A,0
9CCV(1):B_8K0H(1):B,0
8BRQ(1):B_9G8U(1):B,0
9H9V(1):F_9HLS(1):A,0
9NTN(1):G_9PHV(1):A,0
8HHJ(1):B_8U6G(1):A,0
9J9W(1):B_9J9W(1):A,1
9H9V(1):F_8QNQ(1):A,0
8J48(1):D_8RIU(1):C,0
8VLM(1):B_8VLM(1):A,1
8ZHT(1):A_9H9V(1):E,0
8I8Y(1):A_9ZCS(1):B,0
8Q2E(1):C_8CCQ(1):A,0
9H9V(1):D_8RP2(1):AAA,0
9VO4(1):B_8ONW(1):B,0
9K1L(1):B_9K1U(1):B,0
9V8I(1):A_9H9V(1):F,0
8Z22(1):C_8Z22(1):B,1
8FUL(1):A_8OUA(1):A,0
8U6G(1):B_9JDD(1):B,0
8Y96(1):C_9W3A(1):A,0
9VLL(1):A_8T6E(1):A,0
9HMX(1):A_9C10(1):A,0
8QVC(1):B_8S05(1):C,0
8OW6(1):B_9EA8(1):A,0
9GAI(1):C_12NP(1):A,0
9J4P(1):A_8WHM(1):B,0
9H9V(1):F_8FZZ(1):A,0
8UF4(1):A_8I3F(1):B,0
9LEW(1):B_9VZC(1):B,0
9DCZ(1):A_8TYX(1):A,0
9LEW(1):B_9LEW(1):A,1
8ONW(1):F_9L7W(1):A,0
8T6N(1):A_8RQZ(1):B,0
8RZZ(1):A_8G0P(1):A,0
8UAI(1):B_8JDI(1):E,0
9ZBE(1):B_8RPP(1):A,0
8PUT(1):E_8RJA(1):E,0
8STP(1):A_8RPP(1):D,0
8SJJ(1):A_9BKX(1):D,0
8I2E(1):B_9H9V(1):A,0
8ZA7(1):B_8ZA7(1):A,1
8WHI(1):A_8HHJ(1):B,0
9ILT(1):C_9ILT(1):A,1
8FE8(1):B_8STP(1):B,0
8YN0(1):D_9BT4(1):E,0
9L5U(1):C_9K1U(1):B,0
8PEL(1):F_8PEL(1):D,1
8G0K(1):B_8RP1(1):AAA,0
8HXI(1):B_8PEL(1):E,0
9KW6(1):A_8BGM(1):B,0
8GJU(1):H_9EAE(1):A,0
9DCZ(1):A_8S2M(1):B,0
8PEL(1):F_8EZR(1):A,0
9UDL(1):B_9UDL(1):A,1
9HLS(1):B_9HLS(1):A,1
8T6C(1):C_8HS8(1):C,0
8IH8(1):A_8TYS(1):A,0
8VEO(1):A_9JDI(1):A,0
9L6B(1):A_9M3I(1):A,0
8K0H(1):B_8RQZ(1):B,0
8XEH(1):E_9FN0(1):A,0
8K0H(1):B_8HDD(1):A,0
9ZLL(1):D_8G0K(1):B,0
8PQQ(1):A_9L5U(1):A,0
8OWU(1):D_9K3E(1):C,0
9DK1(1):A_8U6H(1):B,0
8ZHT(1):B_9UB9(1):B,0
8ONW(1):B_9NTN(1):G,0
9K1U(1):B_9G87(1):B,0
9NTO(1):B_9EAV(1):C,0
9G8U(1):B_9G8U(1):A,1
9EAV(1):A_8RPP(1):D,0
9DD1(1):A_9LPG(1):A,0
9ST4(1):A_8FZZ(1):A,0
8UAI(1):C_8IGD(1):C,0
8ONW(1):D_9F26(1):C,0
8OW6(1):B_8WHH(1):A,0
9SJ6(1):A_8I2F(1):B,0
8T9P(1):B_9KAN(1):A,0
9K1U(1):C_8YRE(1):D,0
9HBL(1):A_8ROI(1):A,0
9ERV(1):B_8FCC(1):A,0
9WAQ(1):A_8PUT(1):E,0
9VZC(1):B_8U6G(1):A,0
9E15(1):A_8PEL(1):B,0
8UH1(1):A_8JMR(1):A,0
8WT4(1):B_9J4P(1):B,0
9G8U(1):A_9PCA(1):A,0
8GKO(1):C_8U6D(1):A,0
9ST8(1):A_9NTN(1):A,0
9UVD(1):B_8Q66(1):B,0
9ZLL(1):F_8RYI(1):A,0
9ST4(1):H_9U8R(1):G,0
11LJ(1):C_8VUF(1):A,0
8ZD3(1):B_8Y2Z(1):A,0
9B7D(1):B_8PFC(1):A,0
8SNF(1):A_8PFC(1):A,0
8BFI(1):B_8HR0(1):B,0
9KAN(1):A_8WHI(1):F,0
21VU(1):H_9MZ5(1):C,0
8RJA(1):F_9DK1(1):A,0
8PU1(1):B_8RP2(1):CCC,0
8PEL(1):D_9BAE(1):A,0
9DK1(1):B_8Y77(1):B,0
12NP(1):A_8HDD(1):C,0
8QVC(1):A_9ILT(1):D,0
9DOD(1):A_9P3J(1):B,0
9ZLL(1):E_9S6C(1):C,0
8C0J(1):B_8C0J(1):A,1
21VU(1):A_9CCK(1):C,0
8JMR(1):B_8C0J(1):A,0
8C26(1):B_8RQZ(1):C,0
9U8Q(1):G_9U8Q(1):A,1
8Y2Z(1):A_8C0D(1):C,0
8HCI(1):B_8QL1(1):A,0
8ONW(1):F_8C0D(1):C,0
8U6F(1):A_8I2F(1):A,0
8UAI(1):C_9Q9V(1):B,0
9ZDM(1):B_9MYT(1):B,0
8FBD(1):A_8ROJ(1):B,0
8FCC(1):A_9EYU(1):B,0
8RPP(1):A_9ILT(1):C,0
8RQZ(1):C_9GAI(1):A,0
9NSD(1):B_8J49(1):B,0
9BIY(1):A_9ZEE(1):A,0
8ROI(1):B_8BRR(1):A,0
9EA8(1):A_8J64(1):A,0
9RGL(1):F_8PU1(1):B,0
9VZC(1):B_8YNX(1):A,0
8U6F(1):B_8Y96(1):C,0
9ILT(1):A_9KO8(1):A,0
21VU(1):H_9NTO(1):B,0
8IGD(1):B_8U6F(1):B,0
9V8I(1):B_9V8I(1):A,1
8Q03(1):C_9BIY(1):A,0
21ZX(1):F_8TYX(1):B,0
8PEL(1):D_9VO4(1):B,0
8STU(1):A_8ZVX(1):B,0
8U6H(1):B_8WT0(1):B,0
9PR8(1):A_21ZX(1):F,0
8C4X(1):B_8J4B(1):A,0
8UAI(1):B_8UAI(1):A,1
9M3I(1):C_8I8Y(1):B,0
8Q66(1):B_9QAA(1):B,0
9DCZ(1):B_9V8I(1):A,0
9F79(1):A_8YN0(1):D,0
8S1X(1):A_8U6N(1):B,0
9K1L(1):A_9L5U(1):A,0
8UAI(1):A_9E1J(1):A,0
9SJ6(1):C_9SJ6(1):A,1
8HHJ(1):A_11LJ(1):A,0
8Q2E(1):C_9UX0(1):B,0
8WT0(1):B_9BKX(1):D,0
9H5R(1):A_9G8U(1):B,0
8XSU(1):D_9WAQ(1):B,0
8TYS(1):A_9PHV(1):D,0
9R84(1):A_8VLM(1):A,0
8HR0(1):C_8YRE(1):A,0
9UTY(1):A_9NTO(1):A,0
8TK9(1):B_8STS(1):A,0
9L7W(1):B_8OW6(1):A,0
9SJ6(1):A_9RK9(1):B,0
8STS(1):A_8PF5(1):B,0
9ILT(1):G_9ILT(1):E,1
9KW6(1):C_9X2R(1):B,0
9VLL(1):A_8RPP(1):A,0
8T6C(1):E_8T6C(1):C,1
8FAR(1):B_9BT4(1):A,0
8RPP(1):D_8JMR(1):A,0
9ST4(1):H_9MYT(1):A,0
8YRE(1):A_9ZDM(1):B,0
9T38(1):A_9LPG(1):A,0
9VNJ(1):A_9ERV(1):A,0
8R3A(1):B_9NTN(1):G,0
8VUM(1):A_9Q9V(1):A,0
8OW6(1):B_8OW6(1):A,1
9ZBE(1):A_9JM8(1):A,0
9BGL(1):B_8RP0(1):AAA,0
9HNG(1):B_9HNG(1):A,1
8JMQ(1):B_9ZDM(1):B,0
8WHM(1):A_9U8R(1):A,0
9WAQ(1):A_8PQQ(1):C,0
9LPG(1):E_9EYU(1):A,0
8ZHT(1):A_8RIU(1):B,0
9ILT(1):A_9H9V(1):H,0
9B7D(1):A_8HFP(1):A,0
9P3J(1):A_9F79(1):C,0
9KW6(1):A_8PEL(1):F,0
9M3I(1):A_9ZBE(1):A,0
9SJ6(1):A_9RGL(1):A,0
8GJU(1):H_9H7Y(1):B,0
8ONW(1):B_9GAI(1):B,0
8T6E(1):B_9JM8(1):B,0
8GJU(1):H_8GKO(1):A,0
9IKB(1):C_9RMM(1):A,0
8I2F(1):A_8OWS(1):A,0
9LEW(1):A_9VZY(1):A,0
8RIU(1):B_9VNJ(1):B,0
8STU(1):B_9J9W(1):B,0
8T6N(1):A_8S2M(1):A,0
8C0J(1):B_8Y2Z(1):B,0
8GM8(1):B_8BRT(1):A,0
8R7A(1):A_9G87(1):A,0
8T9P(1):A_8CB2(1):BBB,0
8CB2(1):BBB_8IGD(1):C,0
8QVC(1):B_8QVC(1):A,1
8TK9(1):A_9SJ6(1):A,0
9IKB(1):C_9GWJ(1):D,0
8WHM(1):B_8CB2(1):BBB,0
8BFI(1):C_8FFX(1):B,0
8BRS(1):A_9BAE(1):B,0
9ILT(1):G_9ILT(1):A,1
9QAA(1):B_8C4X(1):A,0
9L5U(1):C_8WHI(1):A,0
8P9U(1):A_8ONW(1):D,0
8FUL(1):B_8U6H(1):A,0
9AVF(1):B_9M3I(1):C,0
9W3A(1):E_8U6F(1):B,0
9VNJ(1):B_8RYI(1):A,0
8GM8(1):A_9AVF(1):A,0
9S6C(1):C_8JI9(1):B,0
8FAR(1):B_8U45(1):C,0
8GKO(1):C_9QAA(1):A,0
8U6H(1):A_8OW6(1):A,0
8ROI(1):A_8FZZ(1):B,0
9H9V(1):D_9H9V(1):A,1
9U8Q(1):G_8WT4(1):B,0
8PEL(1):F_9MNO(1):A,0
9KAH(1):A_8RZZ(1):A,0
8WHM(1):B_8C26(1):A,0
8UAI(1):C_8UAI(1):B,1
12NP(1):A_9B7D(1):B,0
8C0J(1):A_8XYF(1):A,0
9P3F(1):B_8ONW(1):C,0
8J48(1):B_8J64(1):A,0
9OK4(1):B_8I2F(1):B,0
9T38(1):B_9PCA(1):B,0
8PFC(1):B_9X2R(1):A,0
8FCC(1):B_8ORN(1):B,0
9E1J(1):B_9UDL(1):B,0
8RYI(1):B_9F79(1):A,0
9ILT(1):F_8CCQ(1):B,0
8BOZ(1):A_8JMQ(1):A,0
9C10(1):A_8IE2(1):A,0
9BGL(1):B_8WHH(1):A,0
9JWA(1):B_9HLO(1):B,0
9W3A(1):E_8XYF(1):A,0
8ROJ(1):B_8C0J(1):A,0
8ROJ(1):B_9H9V(1):C,0
8J48(1):B_8BGM(1):B,0
8PEL(1):F_8PEL(1):C,1
8RIU(1):C_9ILT(1):C,0
8I2F(1):A_9J4P(1):A,0
8FUL(1):B_9T38(1):B,0
9I25(1):C_8U6G(1):A,0
8Y2Z(1):B_8Y2Z(1):A,1
9H9V(1):C_9H9V(1):A,1
9BGL(1):B_9BGL(1):A,1
9L7W(1):B_9L7W(1):A,1
8OWU(1):B_8SSM(1):B,0
9KAH(1):C_9JWA(1):B,0
9EAV(1):C_8FZZ(1):B,0
9BKX(1):D_8T9P(1):A,0
9PZK(1):B_8Q2E(1):B,0
8SSM(1):C_8SSM(1):B,1
8BRS(1):B_8BRS(1):A,1
9BIY(1):A_8I8Y(1):B,0
9IKB(1):B_8FZZ(1):B,0
9HAE(1):B_9HAE(1):A,1
9H9V(1):E_8GM8(1):A,0
8QVC(1):B_9KUE(1):C,0
8WHM(1):A_9UTY(1):B,0
8BRT(1):A_8CB2(1):BBB,0
9ST8(1):A_8ZHT(1):B,0
8BRQ(1):A_8Y96(1):C,0
8IGD(1):C_9H9V(1):G,0
9KUE(1):C_8S83(1):C,0
9L6B(1):A_9KUE(1):C,0
8SNF(1):A_9MYR(1):A,0
8BRR(1):B_8BRR(1):A,1
8OWS(1):A_9UVD(1):B,0
9J4P(1):A_8Q66(1):A,0
9BKX(1):D_8RP0(1):AAA,0
8EZR(1):A_8PFC(1):B,0
8I3E(1):C_8VLM(1):B,0
9FN0(1):A_9HNG(1):A,0
8BRT(1):A_9OK4(1):B,0
8R7A(1):B_9U8Q(1):A,0
8PFC(1):A_9JDI(1):A,0
9B7D(1):B_9LEW(1):B,0
8RIU(1):C_9NTN(1):G,0
9WBE(1):A_9M3I(1):A,0
9MYR(1):B_8T9P(1):B,0
8XYF(1):B_8XYF(1):A,1
8IE2(1):A_8IE2(1):E,1
9MYR(1):B_8FBD(1):A,0
9QAA(1):B_9QAA(1):A,1
9GWJ(1):D_9DCZ(1):A,0
8S05(1):A_8TK9(1):B,0
9RMM(1):C_8WT0(1):A,0
8XYF(1):A_9QAA(1):A,0
8X3G(1):C_9RMM(1):A,0
8G0K(1):B_8CCQ(1):B,0
9KZL(1):A_8J49(1):B,0
8UF4(1):A_8ONW(1):B,0
9UX0(1):B_9UX0(1):A,1
9HNG(1):B_8R3A(1):B,0
8BRQ(1):B_8BRQ(1):A,1
9VZY(1):D_8FFX(1):A,0
9UVE(1):B_9H9V(1):F,0
8FZZ(1):B_8YNX(1):A,0
9J9W(1):A_8J48(1):B,0
8ZA7(1):B_8T6C(1):C,0
9W3A(1):A_8ONW(1):D,0
9UB9(1):A_9UVD(1):B,0
9UDL(1):A_8FUM(1):C,0
9HAC(1):B_9S6C(1):A,0
8UF4(1):A_8CB2(1):AAA,0
9BGL(1):A_8XSU(1):C,0
9UB9(1):A_8FCC(1):A,0
9KZL(1):A_9MYR(1):A,0
8U6H(1):B_8T9O(1):B,0
9OLQ(1):A_30KY(1):C,0
8PFC(1):A_9V8I(1):A,0
9LP2(1):C_8P9U(1):A,0
8Q2E(1):A_8S2M(1):A,0
9BT4(1):A_8TYX(1):B,0
8STU(1):B_9UVD(1):C,0
9W3A(1):A_8S83(1):B,0
8WOK(1):A_9PR8(1):A,0
9E1J(1):B_9M3I(1):D,0
8UF4(1):A_8T9O(1):B,0
8TK9(1):B_9L5U(1):A,0
8WHH(1):A_8I8Y(1):B,0
8UF4(1):B_8UAI(1):A,0
9W3A(1):A_9MYT(1):B,0
9OK4(1):C_9OK4(1):B,1
8WHH(1):E_9H9V(1):E,0
9E15(1):B_9EAV(1):D,0
8U6H(1):A_9GCO(1):C,0
8TWD(1):A_9SDC(1):C,0
9OK4(1):C_8PU3(1):A,0
8U6G(1):B_8FAR(1):B,0
8SSM(1):B_8FAR(1):A,0
9ZEE(1):B_9S6C(1):C,0
9L7W(1):B_8TK9(1):A,0
9ZEE(1):A_8HDD(1):A,0
9KZL(1):A_8I8Y(1):B,0
8S2M(1):B_8ONW(1):C,0
8BWV(1):A_8JMQ(1):A,0
9LP2(1):C_9LP2(1):A,1
30KX(1):E_9RMM(1):C,0
8XEH(1):E_9MNO(1):A,0
9FN0(1):A_9HLO(1):A,0
9F26(1):A_8UH1(1):B,0
8ROH(1):A_9H5R(1):B,0
8UH1(1):B_8HS8(1):C,0
8Q2E(1):B_8IGD(1):C,0
9V8I(1):B_8I2E(1):A,0
9CCV(1):B_8PFC(1):A,0
8G0P(1):A_9J9W(1):B,0
8STP(1):B_8STP(1):A,1
9L7W(1):A_9K3E(1):B,0
8J4B(1):A_8GM8(1):A,0
8HHJ(1):B_8HHJ(1):A,1
8I3E(1):B_8IH8(1):C,0
8HDD(1):A_8R3A(1):B,0
8JMR(1):B_9JDD(1):A,0
9W3A(1):A_9L7W(1):A,0
8QNQ(1):A_9GWJ(1):C,0
9DCZ(1):A_8S83(1):B,0
9H9V(1):D_9BT4(1):E,0
9R84(1):A_9ST4(1):H,0
8STU(1):A_8I3F(1):B,0
9MNO(1):E_9MNO(1):A,1
8PF5(1):D_8I3E(1):C,0
8J09(1):A_8VUF(1):B,0
8PFC(1):B_9GAI(1):B,0
8VLM(1):A_9HLO(1):A,0
9BIY(1):B_8I2E(1):A,0
8PUT(1):A_9RK9(1):A,0
30KY(1):B_8TK9(1):B,0
8RP2(1):CCC_9UVD(1):C,0
8S2M(1):A_21VU(1):H,0
9V8I(1):B_9ZLL(1):F,0
8I3E(1):B_9VO4(1):B,0
9VLL(1):B_9H9V(1):G,0
8I2F(1):B_8SJJ(1):C,0
8TYS(1):B_8ROJ(1):B,0
9EYU(1):B_9EYU(1):A,1
9CCK(1):C_9VZC(1):B,0
9HMX(1):B_9HMX(1):A,1
9IZ3(1):B_9UDL(1):A,0
9K1L(1):B_8PEL(1):D,0
8UAI(1):B_9LP2(1):C,0
8ONW(1):B_9H9V(1):G,0
9DK1(1):A_8TWD(1):A,0
8J49(1):B_8PEL(1):E,0
9KO8(1):A_8QNL(1):A,0
8P9U(1):C_9F79(1):C,0
8TYX(1):B_8PFC(1):A,0
8XYF(1):A_9Z7O(1):C,0
9ILT(1):G_9OLQ(1):B,0
8PEL(1):E_8PEL(1):B,1
9ZCS(1):A_8Y96(1):C,0
9P3F(1):B_9ZLL(1):E,0
8ROH(1):A_8TYX(1):A,0
9W3A(1):A_11LJ(1):A,0
8VET(1):A_9IZ3(1):A,0
8ZVX(1):B_8ZVX(1):A,1
9EA8(1):B_8OUA(1):C,0
9I25(1):C_9VNJ(1):B,0
8G0P(1):A_9BIY(1):B,0
8SNF(1):A_9IKB(1):G,0
8J64(1):B_8VUF(1):B,0
9VZC(1):A_8ZVX(1):B,0
9H5R(1):B_8STP(1):B,0
8XEH(1):A_9UVE(1):B,0
8S83(1):C_9LPG(1):A,0
9UX0(1):A_9RMM(1):C,0
9U8R(1):A_8TYX(1):B,0
8VEO(1):B_9G87(1):A,0
8I8Y(1):A_8JMR(1):A,0
8S05(1):A_9V8I(1):B,0
8U6H(1):A_9X2R(1):A,0
9BIY(1):B_8ZHT(1):A,0
9BGL(1):B_9C10(1):B,0
8BRS(1):B_8FE8(1):B,0
8TYS(1):A_21ZX(1):F,0
9E1J(1):B_9EYU(1):A,0
8RQZ(1):C_8RIU(1):C,0
8RZZ(1):C_9E15(1):A,0
9ZLL(1):E_8R7A(1):B,0
8T0P(1):B_8SJJ(1):C,0
8RJA(1):F_9K1L(1):B,0
8OWS(1):A_8ZD3(1):A,0
9IKB(1):C_9GCO(1):C,0
8QHN(1):A_8HHJ(1):B,0
8JI9(1):A_9ZDM(1):A,0
8IGD(1):B_8TYS(1):A,0
9B7D(1):B_8HHJ(1):A,0
9OMD(1):I_8T9P(1):B,0
9MOJ(1):C_9RMM(1):C,0
8J48(1):B_8GJU(1):H,0
8VUM(1):B_8VUM(1):A,1
9UVE(1):B_9MOJ(1):B,0
8VUF(1):B_9X2R(1):A,0
9H9V(1):D_8C4Z(1):B,0
8HR0(1):B_9VO5(1):A,0
9GCO(1):B_21ZX(1):F,0
8HFP(1):C_8HR0(1):B,0
8SNK(1):B_9MOJ(1):B,0
21VU(1):A_9HLO(1):A,0
9X2R(1):B_9K3E(1):B,0
9KAH(1):A_8CM0(1):A,0
8GJU(1):H_9RGL(1):A,0
8GMH(1):D_8GMH(1):B,1
8TYX(1):B_8S1X(1):A,0
8VUF(1):A_8T9O(1):B,0
9BAE(1):A_8VUF(1):A,0
9VZY(1):D_8BGM(1):B,0
9JM8(1):A_9LP2(1):C,0
8Y77(1):B_9IKB(1):B,0
8TK9(1):B_8T9P(1):B,0
8HFP(1):C_9VLL(1):A,0
9K3E(1):C_9X2R(1):A,0
8CM0(1):B_9H9V(1):G,0
9E15(1):B_9E15(1):A,1
9DK1(1):B_8SSM(1):C,0
9MOJ(1):B_9H9V(1):F,0
8GMH(1):D_8G0P(1):A,0
9PCA(1):A_8G0P(1):B,0
8PFC(1):A_8PQQ(1):A,0
9KW6(1):C_8Z22(1):C,0
9ZDM(1):B_8BRS(1):B,0
8VUM(1):B_8GJU(1):A,0
9ZDM(1):A_8FCC(1):B,0
8BGM(1):B_8ZHT(1):B,0
9BT4(1):A_8T9O(1):B,0
9LPG(1):E_8IH8(1):A,0
8I2E(1):B_8I2E(1):A,1
8HR0(1):B_9ST4(1):H,0
8ONW(1):E_8HXI(1):B,0
9BKX(1):D_9G87(1):B,0
9BKX(1):d_9E1J(1):B,0
9U8R(1):G_9NTN(1):A,0
8CM0(1):A_9DCZ(1):A,0
9AVF(1):B_9VZC(1):A,0
9LP2(1):A_9PR8(1):C,0
8XSU(1):C_9ZLL(1):D,0
9HLS(1):B_8RP1(1):AAA,0
9UDL(1):B_9IZ3(1):B,0
8TK9(1):A_8GMH(1):B,0
8UH1(1):B_8RIU(1):C,0
8Q2E(1):B_9MOJ(1):C,0
8HXI(1):A_9H7Y(1):B,0
9K3E(1):C_9ILT(1):G,0
8XYF(1):B_21VU(1):A,0
9UDL(1):A_9UB9(1):A,0
8BRS(1):A_9UX0(1):A,0
8UAI(1):C_8BFI(1):C,0
8R3A(1):A_8PF5(1):B,0
8Q66(1):A_8S1X(1):A,0
9P3F(1):A_9IKB(1):C,0
9P3J(1):A_9V8I(1):B,0
8ZVX(1):B_8I3F(1):B,0
8QL1(1):B_9ZDM(1):B,0
8HXI(1):B_8HXI(1):A,1
8WOK(1):B_8IH8(1):A,0
8WHH(1):E_9W3A(1):A,0
9KAN(1):A_8PF5(1):D,0
8IH8(1):A_8XT8(1):A,0
9ILT(1):C_8U6H(1):B,0
8R7A(1):B_9NSD(1):B,0
9MOJ(1):B_8HS8(1):A,0
9RK9(1):B_9RK9(1):A,1
8U6D(1):B_9DD1(1):C,0
9ILT(1):F_9ST4(1):A,0
8BWV(1):A_9UDL(1):B,0
8HDD(1):C_8HDD(1):B,1
8CB2(1):BBB_8YRE(1):D,0
8T9P(1):A_9BKX(1):d,0
8QL1(1):B_8Q03(1):A,0
9U8Q(1):G_8FFX(1):B,0
9BAE(1):B_9I25(1):A,0
9ZLL(1):E_8RJA(1):F,0
9EAE(1):C_9BT4(1):B,0
8TYS(1):A_8ROJ(1):B,0
8C26(1):B_8GMH(1):C,0
8STS(1):A_9LEW(1):A,0
8RPP(1):A_9PR8(1):A,0
8BRT(1):A_8STP(1):A,0
8T9P(1):B_8TWD(1):A,0
9ZEE(1):B_9HBL(1):A,0
9K1U(1):B_8VLM(1):B,0
8FE8(1):B_8G0K(1):B,0
8Q66(1):A_9L5U(1):C,0
9JDD(1):B_8FUM(1):C,0
8T6C(1):C_9UDL(1):A,0
8BFI(1):C_8BFI(1):B,1
8YRE(1):D_9P3F(1):A,0
9DCZ(1):B_9OMD(1):I,0
8HXI(1):A_9HAC(1):A,0
8T9O(1):B_8I3F(1):B,0
8U6H(1):B_9HAD(1):B,0
8WHM(1):A_8XEH(1):E,0
8JMR(1):B_8U6H(1):A,0
8GJU(1):H_8GJU(1):A,1
9RMM(1):C_9RK9(1):A,0
8R7D(1):A_9QAA(1):A,0
9UB9(1):B_9KUE(1):A,0
8FUM(1):C_8C0J(1):A,0
8WHL(1):E_8PEL(1):E,0
9ZLL(1):D_8PEL(1):E,0
9NTO(1):B_8VUF(1):A,0
8Q2E(1):C_9P3F(1):A,0
8WT4(1):B_8TWD(1):C,0
8OW6(1):B_8RZZ(1):A,0
8GM8(1):A_9C10(1):A,0
9H9V(1):F_9H9V(1):B,1
8U6N(1):B_9MNO(1):A,0
8I3E(1):B_8P9U(1):A,0
8JI9(1):A_9CCK(1):A,0
9MOJ(1):B_9Z7O(1):C,0
8U6G(1):A_9BIY(1):A,0
9FN0(1):A_9ILT(1):E,0
8ONW(1):C_8CM0(1):B,0
9VO5(1):A_9ZBE(1):A,0
9C10(1):A_9GAI(1):C,0
9J9W(1):A_9L5U(1):C,0
8TK9(1):B_8U6F(1):B,0
9WBE(1):A_9UDL(1):B,0
8YN0(1):D_8ZVX(1):B,0
9KZL(1):A_30KX(1):D,0
9KUE(1):A_9PHV(1):A,0
9MZ5(1):B_8UH1(1):A,0
8OUA(1):A_21VU(1):A,0
8UF4(1):A_8FCC(1):A,0
8XSU(1):D_8XSU(1):C,1
8HFP(1):C_9PZK(1):B,0
8I3F(1):A_8ZA7(1):B,0
8HR0(1):C_8C4X(1):A,0
8I8Y(1):B_8I3F(1):A,0
8STU(1):B_9VO5(1):B,0
9VO5(1):B_8IH8(1):A,0
9UDL(1):A_8HFP(1):C,0
9B7D(1):B_8BOZ(1):B,0
9ILT(1):F_8Z22(1):B,0
8JI9(1):B_9PZK(1):B,0
9AVF(1):A_8S83(1):B,0
8U45(1):A_9ZLL(1):F,0
9ILT(1):E_8I2E(1):B,0
8I3E(1):C_9GCO(1):B,0
9K1L(1):A_8VUF(1):B,0
9L6B(1):B_9KAH(1):A,0
8R7D(1):A_8RJA(1):F,0
8IE2(1):A_9U8R(1):G,0
8C0J(1):B_8S83(1):C,0
8Q2E(1):B_9F79(1):C,0
8BFI(1):B_8XTA(1):A,0
11LJ(1):C_11LJ(1):A,1
8T9P(1):A_30KX(1):E,0
8QNQ(1):A_8TK9(1):A,0
9L5U(1):C_8XEH(1):A,0
8TYX(1):B_9DOD(1):A,0
9H9V(1):A_8CB2(1):BBB,0
8FUM(1):C_8ZVX(1):A,0
8ONW(1):C_9RK9(1):B,0
9L6B(1):B_9VZY(1):D,0
9R2Z(1):B_8ORN(1):A,0
9KAN(1):B_9DCZ(1):B,0
9L5U(1):A_9OMD(1):C,0
9GWJ(1):D_8RJA(1):E,0
8G0P(1):B_9JDI(1):A,0
8BRT(1):B_8FCC(1):A,0
9W3A(1):E_9W3A(1):A,1
8WHI(1):F_8BGM(1):A,0
9G8U(1):A_9F79(1):A,0
8X3G(1):C_8Q2E(1):C,0
9ZDM(1):A_9I25(1):A,0
9BT4(1):E_8OWS(1):A,0
9RMM(1):C_8I2F(1):A,0
8U6G(1):B_9Q1H(1):A,0
9J9W(1):B_9HNG(1):A,0
8VLM(1):B_9OLQ(1):A,0
8T19(1):A_9UX0(1):A,0
8C4X(1):B_8PEL(1):C,0
21VU(1):A_9DCZ(1):A,0
8ONW(1):D_8SSM(1):B,0
8VEO(1):A_8FUM(1):C,0
9ST4(1):A_9ST4(1):H,1
9UB9(1):A_9E1J(1):A,0
8IGD(1):C_8SJJ(1):A,0
9GAI(1):D_9GAI(1):B,1
8VLM(1):A_8EZR(1):A,0
8U6D(1):A_8BRQ(1):A,0
8C4X(1):B_8PU1(1):B,0
9CCK(1):C_8PF5(1):D,0
8WHH(1):E_8CB2(1):BBB,0
8PEL(1):D_8TYX(1):B,0
8YN0(1):D_9L7W(1):A,0
8XEH(1):E_8WHI(1):F,0
8XEH(1):E_9NTO(1):A,0
9H9V(1):A_9MZ5(1):B,0
8YNX(1):B_8U6H(1):A,0
8VLM(1):B_8C4X(1):B,0
9JDD(1):A_8GMH(1):D,0
8BRQ(1):A_8ZHT(1):A,0
8GJU(1):A_8ORN(1):A,0
8U6H(1):A_9V8I(1):B,0
9HAC(1):A_8C4X(1):A,0
9HBL(1):A_8ONW(1):D,0
9DCZ(1):A_8GMH(1):C,0
8Y96(1):C_8STS(1):B,0
9VZY(1):A_8ROH(1):B,0
9T38(1):A_8JMQ(1):A,0
8BWV(1):A_9RK9(1):A,0
8VLM(1):B_9MYR(1):B,0
9T38(1):B_9PCA(1):A,0
8Y2Z(1):A_8EZR(1):A,0
8STS(1):A_8C0D(1):B,0
9L5U(1):A_8Q2E(1):B,0
9I25(1):C_8ZVX(1):B,0
8ROJ(1):B_9RMM(1):A,0
30KY(1):C_8Z22(1):B,0
8BRR(1):B_9ILT(1):F,0
8BRT(1):A_9HLS(1):A,0
8RYI(1):B_8RYI(1):A,1
8JMR(1):B_9J4P(1):A,0
8PF5(1):C_8VUF(1):A,0
9ZLL(1):E_8XEH(1):A,0
9PCA(1):B_9PCA(1):A,1
8S1X(1):A_9BT4(1):A,0
8SNK(1):B_8Q2E(1):C,0
9H5R(1):A_9H9V(1):A,0
9MYT(1):A_8Y2Z(1):B,0
8HHJ(1):A_8J48(1):B,0
8HR0(1):B_9PCA(1):B,0
8I2F(1):A_9JDI(1):C,0
9IZ3(1):A_9H7Y(1):A,0
8Q66(1):B_9NSD(1):B,0
9G87(1):A_9HBL(1):B,0
8T6N(1):H_8T6N(1):A,1
9PZK(1):B_9UTY(1):B,0
8XYF(1):B_8ZVX(1):B,0
9H9V(1):D_8SNK(1):I,0
21VU(1):A_8QHN(1):D,0
8I8Y(1):A_8VUF(1):B,0
9BAE(1):B_9BIY(1):A,0
8IH8(1):C_9G8U(1):B,0
8HR0(1):B_9EAV(1):A,0
8I3E(1):B_8G0P(1):B,0
9U8Q(1):A_9IKB(1):B,0
9M3I(1):D_8Q66(1):A,0
8Z22(1):B_8U6G(1):B,0
9OK4(1):B_8S83(1):C,0
8Y96(1):C_9GCO(1):B,0
9H7Y(1):A_8Y2Z(1):A,0
9J4P(1):B_9F79(1):A,0
8FFX(1):A_8T6N(1):H,0
8ZD3(1):B_9ILT(1):A,0
9DOD(1):A_9K1L(1):B,0
8T19(1):B_8VLM(1):B,0
8C0D(1):C_8C0D(1):A,1
8XTA(1):A_9Z7O(1):A,0
8R7D(1):B_8R3A(1):A,0
9UX0(1):A_9T38(1):A,0
8SSM(1):B_9VLL(1):A,0
9GWJ(1):C_8SNK(1):I,0
8STU(1):B_8VUF(1):B,0
9PZK(1):B_9H7Y(1):A,0
9U8Q(1):A_9JDD(1):A,0
8EY4(1):A_8EY4(1):I,1
9NSD(1):G_8C0D(1):C,0
8RP0(1):AAA_8OUA(1):A,0
9E1J(1):B_8PFC(1):A,0
9JM8(1):B_8ZVX(1):A,0
9ZCS(1):B_8R7D(1):B,0
8IE2(1):E_8OUA(1):A,0
9ZEE(1):A_9G87(1):B,0
8GMH(1):B_8VLM(1):B,0
9EYU(1):A_9MNO(1):E,0
8FAR(1):A_9KW6(1):C,0
8PF5(1):C_8R7D(1):A,0
9DK1(1):B_8PEL(1):G,0
9HAD(1):C_8BGM(1):A,0
8HHJ(1):B_9EAV(1):A,0
8FFX(1):B_8FFX(1):A,1
9R2Z(1):B_9R84(1):A,0
8RIU(1):C_8RIU(1):B,1
8OWS(1):A_9L7W(1):B,0
9HAE(1):B_9J4P(1):A,0
8RP1(1):CCC_8RP1(1):AAA,1
8U6F(1):B_8WHM(1):A,0
9MZ5(1):C_9H9V(1):C,0
8BRT(1):A_8GM8(1):A,0
8JMQ(1):B_8TYS(1):A,0
8ZVX(1):A_8VUM(1):B,0
9HAC(1):A_21VU(1):H,0
8JI9(1):B_8JMR(1):B,0
9BKX(1):d_8XYF(1):A,0
9GAI(1):A_9HNG(1):B,0
8EY4(1):A_8HDD(1):B,0
9JDI(1):C_9JDI(1):A,1
9PZK(1):B_8VET(1):B,0
8QL1(1):A_8T0P(1):B,0
9BGL(1):B_9IKB(1):B,0
9ZCS(1):B_8C4X(1):B,0
9GZQ(1):B_9VLL(1):A,0
8YNX(1):A_8RQZ(1):C,0
8CB2(1):BBB_9MYT(1):B,0
8UF4(1):A_9HAE(1):B,0
8T9P(1):B_9Q9V(1):B,0
9RK9(1):B_8R7A(1):B,0
8JMR(1):B_8C26(1):B,0
9UVD(1):C_8RJA(1):E,0
9IKB(1):B_9GAI(1):C,0
8J48(1):D_8ROJ(1):B,0
9QAA(1):B_9MZ5(1):B,0
9X2R(1):B_9ST8(1):A,0
8BWV(1):A_30KX(1):E,0
8G0P(1):A_9DOD(1):A,0
8PFC(1):A_8HFP(1):A,0
8XUD(1):A_8I3E(1):B,0
9HAD(1):C_8BGM(1):B,0
9UVD(1):C_8J48(1):B,0
8Y96(1):A_8G0P(1):B,0
9KUE(1):C_8XSU(1):C,0
9L6B(1):B_9SJ6(1):A,0
8G0P(1):B_8G0P(1):A,1
9L6B(1):B_8ORN(1):A,0
9UVD(1):B_9ST4(1):A,0
9ILT(1):E_9ILT(1):A,1
30KX(1):D_9HAD(1):B,0
9H9V(1):B_8SSM(1):B,0
8PEL(1):E_8QNL(1):C,0
9PHV(1):D_8EZR(1):A,0
9JDD(1):A_8R7A(1):A,0
9EA8(1):B_9BGL(1):A,0
8FZZ(1):B_8HS8(1):A,0
8S2M(1):A_9J9W(1):A,0
9P3F(1):B_9VZY(1):D,0
8RZZ(1):A_8ONW(1):B,0
12NP(1):A_30KX(1):D,0
9UVD(1):C_9KAH(1):C,0
8SNK(1):B_9EAE(1):A,0
9KUE(1):A_8ROJ(1):A,0
8OWS(1):A_8ZA7(1):A,0
9UVD(1):C_8Y2Z(1):B,0
8HHJ(1):B_9G87(1):B,0
9GAI(1):A_8ONW(1):F,0
8JI9(1):B_8JI9(1):A,1
8ONW(1):E_8TYX(1):B,0
8WHI(1):A_8ZHT(1):A,0
8VET(1):A_9UB9(1):B,0
8U6N(1):B_8WT0(1):B,0
9ERV(1):A_8BFI(1):C,0
9VLL(1):B_8PU3(1):C,0
8PEL(1):E_9F26(1):C,0
8RYI(1):B_9ZBE(1):B,0
8HDD(1):B_8JMQ(1):B,0
8BRQ(1):A_9ZBE(1):B,0
9S6C(1):A_8BRS(1):B,0
8U6N(1):A_8GMH(1):D,0
8XYF(1):A_9Z7O(1):A,0
9MYT(1):B_9ERV(1):A,0
8FCC(1):B_8FCC(1):A,1
9U8R(1):G_8PUT(1):E,0
8I8Y(1):B_8ROJ(1):A,0
9SDC(1):C_9ST4(1):H,0
9L6B(1):A_9SJ6(1):C,0
8BGM(1):A_8WT4(1):A,0
8J49(1):A_8Y2Z(1):B,0
8VEO(1):A_8RPP(1):D,0
12NP(1):C_8FUM(1):D,0
9ZEE(1):A_8P9U(1):C,0
8FBD(1):B_8IE2(1):E,0
9T38(1):B_9T38(1):A,1
8IE2(1):A_8QHN(1):A,0
9ILT(1):C_9UVE(1):B,0
8CB2(1):AAA_8J48(1):B,0
8UH1(1):B_9P3J(1):A,0
8G0P(1):B_8RPP(1):D,0
8BWV(1):B_9HLS(1):B,0
8ROH(1):B_8U6G(1):A,0
8C4X(1):A_8C4X(1):B,1
8J49(1):A_8RP1(1):CCC,0
8T6N(1):H_8YRE(1):A,0
9WAQ(1):B_8I8Y(1):B,0
21VU(1):H_8HS8(1):C,0
9HBL(1):B_9VO4(1):A,0
8BGM(1):A_8ONW(1):B,0
9HAE(1):B_9IZ3(1):B,0
9R2Z(1):A_9R2Z(1):B,1
8FUM(1):C_8Z22(1):B,0
12NP(1):A_8R7D(1):B,0
8ORN(1):B_9DCZ(1):A,0
8BRQ(1):A_9KW6(1):A,0
8Y2Z(1):A_8T19(1):A,0
9KAN(1):A_8T0P(1):B,0
9JM8(1):B_30KY(1):C,0
9RGL(1):F_9HLS(1):A,0
8ZA7(1):B_9T38(1):B,0
8HFP(1):C_9UVE(1):B,0
8RYI(1):B_8FAR(1):B,0
9UB9(1):A_8FCC(1):B,0
9JDD(1):A_8HHJ(1):A,0
8PQQ(1):C_8WT4(1):B,0
8PEL(1):F_8BRQ(1):A,0
9EAV(1):A_8PQQ(1):C,0
8STS(1):A_9UDL(1):B,0
9J4P(1):A_8TK9(1):A,0
8XYF(1):B_8R7A(1):A,0
8CM0(1):A_8GJU(1):A,0
8K0H(1):B_9H7Y(1):A,0
8FCC(1):A_9EA8(1):A,0
8U6G(1):A_9RGL(1):A,0
8RP0(1):AAA_9L5U(1):C,0
21VU(1):H_9ERV(1):A,0
9PHV(1):D_9M3I(1):D,0
8UAI(1):B_9K1L(1):B,0
9ZCS(1):A_8J49(1):B,0
8C0D(1):A_9P1C(1):A,0
9P3F(1):B_9GZQ(1):B,0
8PF5(1):C_9L6B(1):B,0
8C0D(1):A_9BT4(1):B,0
9MOJ(1):C_8I3F(1):B,0
9L6B(1):A_8G0P(1):A,0
8PU3(1):C_9R84(1):A,0
9UTY(1):A_9IKB(1):G,0
9NTO(1):B_9NTO(1):A,1
8FBD(1):B_8R7D(1):A,0
9G87(1):B_9ILT(1):D,0
9SJ6(1):C_8Q2E(1):C,0
9IZ3(1):B_8SSM(1):B,0
9HBL(1):A_9JWA(1):A,0
9WAQ(1):B_9RMM(1):A,0
8OUA(1):A_8HCI(1):A,0
9PCA(1):A_9OLQ(1):B,0
8YNX(1):B_8S1X(1):B,0
8XSU(1):D_9EAE(1):C,0
8SJJ(1):C_9VNJ(1):A,0
8ZVX(1):B_9ERV(1):B,0
9HNG(1):B_8T19(1):A,0
9IKB(1):G_8BOZ(1):B,0
9UB9(1):A_8HS8(1):C,0
9R2Z(1):A_8SJJ(1):A,0
8HDD(1):C_9H5R(1):A,0
8JMR(1):B_8UAI(1):A,0
8TYX(1):A_9E1J(1):A,0
9GCO(1):C_8GJU(1):A,0
8XT8(1):A_8QHN(1):D,0
8VLM(1):A_8BGM(1):A,0
8HHJ(1):A_8CRA(1):A,0
8PQQ(1):A_8TWD(1):C,0
8RZZ(1):C_8XEH(1):E,0
8U6G(1):B_8ROI(1):B,0
8FZZ(1):A_9BIY(1):B,0
9X2R(1):A_8PU1(1):A,0
8T6N(1):A_9M3I(1):A,0
9GAI(1):A_8C4Z(1):A,0
9ZLL(1):E_8CN3(1):B,0
8PU1(1):B_9UB9(1):B,0
8U6H(1):A_8SJJ(1):C,0
9F26(1):A_8ZD3(1):B,0
9J4P(1):B_9BT4(1):E,0
8BRR(1):A_8QNL(1):C,0
9MOJ(1):C_9MOJ(1):B,1
8Y2Z(1):B_8IH8(1):A,0
8JMR(1):B_8Q2E(1):A,0
8RP1(1):CCC_21ZX(1):F,0
8CRA(1):E_8GJU(1):A,0
8U6F(1):A_9H9V(1):E,0
9ERV(1):A_8XT8(1):A,0
9NTN(1):G_9NTN(1):A,1
9S6C(1):C_9SJ6(1):A,0
9PCA(1):A_9LEW(1):A,0
8Y2Z(1):B_8GM8(1):B,0
9IKB(1):C_8XUD(1):I,0
11LJ(1):C_8QL1(1):A,0
8EZR(1):A_8P9U(1):A,0
9VO5(1):A_9EAE(1):A,0
9KO8(1):A_9E15(1):A,0
9BT4(1):E_9IZ3(1):A,0
9BGL(1):B_8EZR(1):B,0
8HCI(1):A_9IKB(1):G,0
9ILT(1):G_8ORN(1):B,0
8ZD3(1):A_8Y77(1):A,0
8CN3(1):B_8I3E(1):C,0
9ST4(1):A_9GWJ(1):C,0
8C0D(1):C_8C0D(1):B,1
8R3A(1):B_8XT8(1):B,0
9M3I(1):D_9M3I(1):A,1
9EYU(1):A_9LPG(1):A,0
8UAI(1):A_8T9O(1):B,0
9U8Q(1):G_9WAQ(1):A,0
9BKX(1):d_9JDD(1):B,0
9SJ6(1):C_8QHN(1):A,0
9LPG(1):A_9I25(1):C,0
8RIU(1):B_9DOD(1):B,0
8R3A(1):B_8U6F(1):A,0
8Y96(1):A_9LEW(1):B,0
8G0K(1):B_21ZX(1):C,0
21VU(1):H_21VU(1):A,1
9RMM(1):A_8RIU(1):C,0
8U6D(1):B_8CN3(1):B,0
8QL1(1):A_9NTO(1):A,0
9UB9(1):B_8OUA(1):A,0
9ZCS(1):A_8J64(1):B,0
8BRQ(1):B_8JDI(1):A,0
9H7Y(1):A_8STP(1):A,0
8ROJ(1):A_8RYI(1):A,0
8GM8(1):A_9B7D(1):A,0
9L5U(1):C_9GAI(1):C,0
8Y2Z(1):B_9KAN(1):A,0
8PU3(1):A_8ONW(1):E,0
21VU(1):H_8FCC(1):B,0
8WOK(1):A_30KY(1):C,0
9J9W(1):A_8T0P(1):B,0
8WHL(1):A_8PU1(1):A,0
8STU(1):B_8CB2(1):AAA,0
9UB9(1):A_8BFI(1):C,0
9KO8(1):C_8K0H(1):A,0
8Q66(1):B_9HAC(1):B,0
9ILT(1):F_9ILT(1):D,1
8C0J(1):A_9ST8(1):A,0
8FUM(1):C_9ILT(1):G,0
9GWJ(1):D_9GWJ(1):C,1
8JDI(1):E_8J09(1):B,0
8C26(1):A_9NTN(1):A,0
8R3A(1):B_9SJ6(1):A,0
8T19(1):A_8HDD(1):A,0
8RIU(1):C_8PEL(1):G,0
9UVD(1):C_8FUM(1):D,0
8PF5(1):B_9ZCS(1):A,0
8XUD(1):I_8RP1(1):AAA,0
8HHJ(1):A_8Y96(1):C,0
9C10(1):B_8R7A(1):B,0
9K1L(1):B_8EY4(1):I,0
9CCV(1):B_9IZ3(1):B,0
9BIY(1):B_8UAI(1):A,0
8T9O(1):A_8ZVX(1):B,0
8R7A(1):B_8R7A(1):A,1
9E1J(1):A_8RJA(1):F,0
8FUL(1):A_9ZBE(1):B,0
8FBD(1):A_8QL1(1):B,0
9HAC(1):B_8OWU(1):D,0
9M3I(1):C_8U6N(1):A,0
8RQZ(1):C_8HR0(1):B,0
9UVD(1):C_9G87(1):B,0
8HR0(1):B_12NP(1):A,0
8CM0(1):B_8PFC(1):B,0
9VO5(1):B_8QNQ(1):A,0
9VO5(1):A_9BIY(1):A,0
9BT4(1):E_9BT4(1):G,1
9HBL(1):B_9H9V(1):H,0
8RQZ(1):C_9JM8(1):B,0
8T19(1):A_8J09(1):A,0
8HS8(1):C_8ONW(1):E,0
8S05(1):A_8T6E(1):B,0
9PR8(1):A_8QVC(1):A,0
9GCO(1):B_8T19(1):A,0
9NSD(1):G_8T9P(1):A,0
8STS(1):A_9AVF(1):B,0
9VLL(1):A_8STP(1):B,0
9CCK(1):C_8JMQ(1):A,0
8Q2E(1):C_9H9V(1):D,0
8ORN(1):A_9LEW(1):A,0
8BGM(1):B_8XUD(1):I,0
8ONW(1):E_8U6G(1):B,0
9F79(1):A_9KZL(1):C,0
9DD1(1):C_9U8Q(1):A,0
9HLO(1):B_8PU1(1):A,0
8J4B(1):B_9ILT(1):F,0
8ONW(1):F_8RYI(1):B,0
9KO8(1):C_8FCC(1):A,0
8U6D(1):A_9PCA(1):B,0
9VO4(1):B_8ROJ(1):A,0
9BT4(1):A_8RP1(1):AAA,0
8Q2E(1):C_9VLL(1):A,0
8C0J(1):A_9F79(1):A,0
8STU(1):B_8ROH(1):A,0
9H9V(1):B_9Q9V(1):A,0
9BT4(1):B_8RP2(1):AAA,0
9Z7O(1):C_9DCZ(1):B,0
8SNF(1):A_8I2F(1):A,0
8BRQ(1):A_8BFI(1):C,0
9UB9(1):A_9BKX(1):D,0
8T9O(1):B_9KAH(1):A,0
8Y96(1):C_8CCQ(1):A,0
9GAI(1):D_9GAI(1):A,1
9H9V(1):A_8C0D(1):B,0
8HR0(1):C_8SJJ(1):A,0
8P9U(1):C_8P9U(1):A,1
9LP2(1):A_9VZY(1):D,0
9PZK(1):A_9CCK(1):C,0
8T9O(1):B_8I3F(1):A,0
8BRR(1):A_9KO8(1):A,0
9UDL(1):A_21VU(1):H,0
9MYT(1):A_9MYT(1):B,1
8T6N(1):A_9ZEE(1):A,0
8WHL(1):E_9F79(1):A,0
9H9V(1):G_8RYI(1):A,0
30KY(1):C_8GM8(1):B,0
9HNG(1):B_9MZ5(1):B,0
8FE8(1):B_8FE8(1):A,1
9DOD(1):A_30KY(1):C,0
9HAE(1):B_9EA8(1):B,0
9CCK(1):A_9EAV(1):D,0
8T9P(1):B_9JDI(1):C,0
8HS8(1):C_9HAC(1):A,0
9H5R(1):B_8QNL(1):C,0
8HFP(1):A_9L7W(1):A,0
9AVF(1):B_8SNK(1):I,0
8FUM(1):D_8FUM(1):C,1
9P3F(1):B_9G87(1):A,0
8WHI(1):A_9ILT(1):A,0
8C26(1):B_8OUA(1):A,0
9VZC(1):B_9HBL(1):B,0
9ZDM(1):A_9ILT(1):E,0
9HMX(1):B_9VO4(1):B,0
9K1L(1):A_8P9U(1):A,0
9W3A(1):A_8RPP(1):D,0
9ILT(1):D_9ILT(1):C,1
9GAI(1):C_9GAI(1):A,1
9ZEE(1):A_8U6D(1):B,0
8CCQ(1):B_8R3A(1):A,0
8VUM(1):A_9RGL(1):F,0
9ZLL(1):F_8VET(1):B,0
8GKO(1):A_9SDC(1):C,0
9KZL(1):C_9HMX(1):A,0
8FBD(1):B_9GAI(1):B,0
9G87(1):A_9AVF(1):B,0
8ROJ(1):B_8ROJ(1):A,1
8PU3(1):A_8JDI(1):E,0
8CM0(1):A_9RMM(1):C,0
9RMM(1):C_9RMM(1):A,1
9ST8(1):B_9BIY(1):B,0
8RQZ(1):B_8EY4(1):I,0
8U6H(1):B_8TWD(1):C,0
8Y2Z(1):B_8HCI(1):A,0
8R3A(1):B_9F79(1):C,0
9LP2(1):C_8WHH(1):A,0
9UTY(1):B_8VET(1):A,0
9F26(1):C_8S83(1):C,0
9BAE(1):A_9E1J(1):B,0
8EZR(1):B_8JI9(1):A,0
9OK4(1):B_9MNO(1):E,0
8PF5(1):B_8Z22(1):B,0
8PEL(1):E_8OWS(1):A,0
9VO5(1):B_8BOZ(1):B,0
8T9P(1):B_8T9P(1):A,1
8T9O(1):B_8U45(1):A,0
9ST8(1):A_9HAC(1):B,0
8YNX(1):B_8YNX(1):A,1
8P9U(1):C_8FCC(1):A,0
8UH1(1):A_8RQZ(1):B,0
9H9V(1):C_9X2R(1):B,0
9IKB(1):C_8SJJ(1):A,0
9H9V(1):C_8HXI(1):B,0
8QNQ(1):C_8SNK(1):B,0
8XEH(1):A_8XEH(1):E,1
9LPG(1):E_8QVC(1):B,0
8ZHT(1):B_9GAI(1):A,0
8XTA(1):B_8CCQ(1):B,0
9G8U(1):A_9F26(1):A,0
9NTO(1):B_8QL1(1):B,0
8FUM(1):D_8PFC(1):B,0
8WHH(1):A_9H9V(1):D,0
8WT0(1):B_8WT0(1):A,1
9NSD(1):G_9ERV(1):B,0
21ZX(1):F_8BRT(1):A,0
8C26(1):A_9BT4(1):E,0
8RJA(1):F_8HCI(1):B,0
8J48(1):B_9ILT(1):G,0
8ROJ(1):A_8YN0(1):C,0
9M3I(1):C_8FBD(1):B,0
8VUF(1):A_8VUF(1):B,1
8R7A(1):B_8FZZ(1):A,0
9BKX(1):d_8VUF(1):A,0
9OLQ(1):B_8S1X(1):B,0
9AVF(1):B_8T0P(1):B,0
8JDI(1):E_9BGL(1):A,0
8UAI(1):A_8K0H(1):B,0
9EAV(1):D_8X3G(1):B,0
12NP(1):C_9NTO(1):B,0
8QHN(1):A_9EA8(1):B,0
9FN0(1):A_9HAC(1):B,0
8ROI(1):B_9KAH(1):C,0
9BGL(1):B_8U6N(1):A,0
9T38(1):A_8PEL(1):E,0
8QL1(1):B_8IH8(1):A,0
9MOJ(1):B_9JDI(1):C,0
8ZD3(1):B_8T6N(1):H,0
8CB2(1):AAA_8RZZ(1):C,0
8JMR(1):A_8YNX(1):A,0
8OW6(1):B_8ZA7(1):A,0
8STU(1):A_9BKX(1):D,0
8ZD3(1):B_9BKX(1):D,0
9J9W(1):B_9MYR(1):B,0
8RYI(1):B_8XSU(1):D,0
8PU1(1):A_8STU(1):A,0
8Q66(1):B_9JDD(1):B,0
9UVD(1):B_8C26(1):B,0
9JWA(1):A_9ST8(1):A,0
8Z22(1):B_9NSD(1):B,0
8ROJ(1):A_8P9U(1):A,0
8JMQ(1):A_9Q9V(1):A,0
8J48(1):B_9ST4(1):H,0
8GMH(1):D_9VO5(1):B,0
8GKO(1):C_8JMQ(1):B,0
8J49(1):A_8S83(1):C,0
9PR8(1):A_8GKO(1):C,0
9W3A(1):A_8BWV(1):A,0
9WBE(1):D_9NSD(1):G,0
9K1L(1):B_9GCO(1):C,0
8FBD(1):A_8HXI(1):A,0
8Q2E(1):A_8QNL(1):A,0
9HAE(1):A_8S2M(1):B,0
8RPP(1):A_8RJA(1):F,0
9R84(1):A_8X3G(1):C,0
9S6C(1):A_9S6C(1):C,1
9R2Z(1):A_8T6E(1):A,0
9ILT(1):C_8JDI(1):E,0
9B7D(1):A_9DOD(1):A,0
9UVD(1):B_8J49(1):B,0
8PF5(1):B_8ONW(1):E,0
8RIU(1):B_8ZVX(1):B,0
9J4P(1):B_8U6N(1):A,0
9VO5(1):A_9RK9(1):B,0
8FE8(1):B_9AVF(1):B,0
8ORN(1):A_8CM0(1):B,0
8YNX(1):A_9AVF(1):A,0
9C10(1):B_9ZLL(1):E,0
8SJJ(1):A_9ERV(1):B,0
8EZR(1):B_9VZY(1):A,0
9W3A(1):E_8IGD(1):C,0
8S05(1):C_8S05(1):A,1
8CM0(1):A_8GMH(1):C,0
8FZZ(1):B_21ZX(1):F,0
9RK9(1):B_8X3G(1):B,0
8HR0(1):C_8GJU(1):A,0
8U6F(1):B_8I3F(1):B,0
8U45(1):C_8QVC(1):B,0
9ILT(1):G_8IGD(1):C,0
8XTA(1):B_8XTA(1):A,1
8OWS(1):A_8S83(1):B,0
9QAA(1):B_9LP2(1):A,0
8Q03(1):C_8Q03(1):A,1
9SJ6(1):C_9GCO(1):C,0
9P3J(1):A_8QNL(1):C,0
8GMH(1):C_8GMH(1):B,1
9HLO(1):A_8S2M(1):B,0
9LP2(1):A_8Y77(1):A,0
9H9V(1):C_8Q2E(1):B,0
9GAI(1):D_8QNL(1):A,0
9P3J(1):A_9E15(1):A,0
8JMR(1):A_8R7A(1):A,0
9GZQ(1):B_8U6H(1):A,0
8GKO(1):A_9EAE(1):C,0
8OWU(1):D_8OWU(1):B,1
9R2Z(1):A_8Q2E(1):C,0
8RYI(1):B_8UF4(1):A,0
8SNF(1):A_8T19(1):A,0
8CN3(1):B_8R7D(1):B,0
8FAR(1):B_9IKB(1):G,0
8U6H(1):A_9UX0(1):A,0
8RQZ(1):C_9PHV(1):A,0
9F26(1):C_9B7D(1):A,0
8PEL(1):G_9MZ5(1):C,0
8T9O(1):B_9X2R(1):A,0
9HAC(1):B_8R3A(1):A,0
8T6N(1):H_8HFP(1):C,0
9HMX(1):A_8S05(1):A,0
8OW6(1):A_8FFX(1):A,0
9WAQ(1):B_8SNK(1):B,0
9DOD(1):B_30KY(1):B,0
8RIU(1):C_8GMH(1):D,0
9GAI(1):C_9U8R(1):A,0
8WT4(1):A_8ROH(1):B,0
8ZA7(1):A_9UDL(1):A,0
8HR0(1):B_8Y2Z(1):A,0
9JM8(1):B_8UF4(1):B,0
8FBD(1):A_8HFP(1):C,0
8XSU(1):D_9JDD(1):A,0
9S6C(1):A_9P3J(1):B,0
9HBL(1):B_9HBL(1):A,1
9ZDM(1):B_9DCZ(1):B,0
30KX(1):E_9CCK(1):A,0
8T6N(1):A_8HXI(1):B,0
9L6B(1):B_9L6B(1):A,1
8RPP(1):A_8T0P(1):A,0
9SJ6(1):C_8I2E(1):A,0
8PU1(1):A_9UX0(1):B,0
9ERV(1):A_8BOZ(1):B,0
8PEL(1):B_9G87(1):A,0
9J9W(1):B_9W3A(1):E,0
8SNK(1):B_9HNG(1):A,0
9WAQ(1):A_9VLL(1):A,0
8PU1(1):A_9UTY(1):B,0
8S1X(1):B_9KZL(1):C,0
8BOZ(1):B_9H9V(1):D,0
9UTY(1):A_9VLL(1):A,0
9VZC(1):B_8RIU(1):C,0
8XT8(1):A_9AVF(1):B,0
9KUE(1):C_9L6B(1):B,0
9UDL(1):A_8T0P(1):B,0
8FCC(1):B_9BIY(1):B,0
9RMM(1):C_9M3I(1):D,0
9CCK(1):C_9CCK(1):A,1
9PCA(1):A_8C0D(1):B,0
9OLQ(1):A_8T6E(1):A,0
9C10(1):A_9F79(1):C,0
9PZK(1):A_9UX0(1):B,0
8YRE(1):D_9PZK(1):B,0
9PHV(1):A_8XUD(1):I,0
9IZ3(1):B_9MOJ(1):B,0
9LPG(1):A_8G0P(1):A,0
8HHJ(1):B_9HAE(1):A,0
9QAA(1):A_8VUF(1):A,0
8T9O(1):A_9ILT(1):F,0
9HAE(1):B_9J9W(1):A,0
8T0P(1):B_9ST8(1):B,0
9GZQ(1):A_8BWV(1):B,0
8U6F(1):B_9BGL(1):B,0
8STP(1):A_8Y77(1):A,0
9Q1H(1):B_9Q1H(1):A,1
8J64(1):B_8FBD(1):B,0
8VEO(1):B_9PR8(1):A,0
8S2M(1):B_9ILT(1):D,0
9H5R(1):B_9ZLL(1):D,0
9OMD(1):C_9P3F(1):A,0
9W3A(1):E_8OWU(1):B,0
30KY(1):C_9BKX(1):D,0
8ZVX(1):B_8HXI(1):A,0
9BAE(1):A_9U8Q(1):A,0
8PU1(1):B_8UF4(1):A,0
9BAE(1):B_9QAA(1):B,0
8VLM(1):A_8UH1(1):B,0
9R2Z(1):B_9HAD(1):B,0
8GMH(1):B_8ONW(1):D,0
9UVE(1):C_9K1U(1):B,0
9X2R(1):A_8ONW(1):F,0
9KO8(1):A_9DD1(1):C,0
9LP2(1):C_8C0D(1):B,0
8SSM(1):B_9BIY(1):B,0
9K1U(1):C_8GJU(1):H,0
8J64(1):B_8S2M(1):A,0
8XYF(1):B_8JMQ(1):B,0
8OWS(1):C_9BAE(1):B,0
9UDL(1):A_8U6N(1):A,0
8Q66(1):A_8T6E(1):A,0
9IKB(1):B_8GJU(1):A,0
9E1J(1):A_8PF5(1):C,0
8WT4(1):A_9EA8(1):A,0
8PFC(1):B_8JMR(1):B,0
8FUM(1):D_8G0K(1):A,0
8RPP(1):A_9BT4(1):G,0
9RMM(1):A_8T6N(1):H,0
8RQZ(1):B_9ST4(1):H,0
9HMX(1):B_8XYF(1):A,0
8K0H(1):A_9M3I(1):D,0
9ST8(1):B_9SJ6(1):A,0
8I3E(1):C_8SNF(1):A,0
9V8I(1):A_8IE2(1):E,0
8PQQ(1):C_8SNK(1):I,0
9LPG(1):E_9UVD(1):B,0
8UF4(1):A_8PF5(1):B,0
8FBD(1):B_8IGD(1):B,0
8Q03(1):A_8HCI(1):B,0
9HAE(1):B_8SNF(1):D,0
8GMH(1):C_11LJ(1):A,0
9JDI(1):C_21ZX(1):C,0
8J09(1):A_9X2R(1):A,0
8FCC(1):B_8RZZ(1):C,0
8TYS(1):A_8PF5(1):C,0
8ZD3(1):B_9BGL(1):B,0
8J64(1):A_9NTN(1):G,0
9K3E(1):B_9T38(1):B,0
8YNX(1):B_9RGL(1):A,0
9UVD(1):C_8ORN(1):A,0
9L5U(1):C_8FUM(1):D,0
9R2Z(1):A_8RQZ(1):C,0
8U6H(1):B_8WT4(1):B,0
9BGL(1):A_8G0P(1):A,0
8IGD(1):B_9BGL(1):B,0
9VZY(1):D_9IKB(1):C,0
8PU1(1):A_8FUL(1):B,0
8T6E(1):B_8TYX(1):B,0
8RQZ(1):C_21VU(1):A,0
8SJJ(1):C_8SJJ(1):A,1
8BWV(1):B_8FUL(1):A,0
8T9O(1):A_8HR0(1):C,0
9MYR(1):A_8BWV(1):B,0
8HHJ(1):B_9VO4(1):A,0
9RK9(1):B_8S05(1):C,0
9MYT(1):B_8C0D(1):C,0
8PU1(1):A_8U6N(1):A,0
8PUT(1):A_8PEL(1):D,0
9UVD(1):B_8XSU(1):D,0
9HLS(1):B_8BRQ(1):B,0
9VO4(1):A_9T38(1):A,0
8R7D(1):B_9V8I(1):A,0
8IE2(1):E_8J48(1):D,0
8GMH(1):D_9UVE(1):C,0
8S1X(1):B_8TYX(1):A,0
8WHI(1):F_8WHI(1):A,1
8GM8(1):B_9KAN(1):A,0
8T6C(1):C_9HMX(1):B,0
9R2Z(1):B_9BT4(1):G,0
8CM0(1):A_8CM0(1):B,1
8FZZ(1):B_9MYT(1):A,0
9K3E(1):C_8CB2(1):BBB,0
9GAI(1):C_8PF5(1):B,0
8XTA(1):A_8Y2Z(1):A,0
8STU(1):B_8HDD(1):B,0
9P1C(1):A_8RP2(1):CCC,0
8Q2E(1):C_8Q2E(1):A,1
9WAQ(1):A_8Q2E(1):A,0
9LPG(1):E_8XYF(1):A,0
9GZQ(1):A_9LEW(1):A,0
8U45(1):A_9EAV(1):C,0
8BRS(1):B_9GZQ(1):A,0
8OWS(1):C_8OWS(1):A,1
21VU(1):A_9UVE(1):B,0
8WT4(1):B_8T9O(1):A,0
8WHL(1):E_9NSD(1):B,0
8ROI(1):B_8VLM(1):A,0
9E1J(1):A_8XTA(1):B,0
9K1U(1):C_9EYU(1):B,0
9J4P(1):A_9J4P(1):B,1
8ONW(1):F_8RIU(1):C,0
8SNF(1):D_8RJA(1):E,0
8FZZ(1):B_9DD1(1):C,0
9R2Z(1):A_8I8Y(1):A,0
9Q9V(1):A_9UTY(1):B,0
9U8R(1):G_9U8R(1):A,1
9UB9(1):A_8QVC(1):B,0
9ZLL(1):F_9ZLL(1):E,1
9L7W(1):B_8SSM(1):C,0
9EA8(1):A_8QNL(1):A,0
9VZY(1):A_9HBL(1):A,0
8GMH(1):B_8PEL(1):B,0
8ORN(1):B_9F26(1):C,0
8HFP(1):A_8J4B(1):B,0
9L6B(1):A_9HMX(1):B,0
8XYF(1):A_11LJ(1):A,0
9RK9(1):A_8FCC(1):B,0
9NTO(1):B_9JM8(1):B,0
8PEL(1):D_9CCK(1):A,0
8RIU(1):C_9BKX(1):D,0
9E15(1):B_8QNL(1):C,0
8XTA(1):B_9DD1(1):C,0
8ZA7(1):B_8JDI(1):A,0
8OWU(1):D_9MYR(1):B,0
8YN0(1):D_8TWD(1):C,0
8GJU(1):A_9H9V(1):E,0
9J4P(1):A_9KO8(1):C,0
9HAD(1):C_9GAI(1):C,0
8FUL(1):A_9MYT(1):B,0
8XYF(1):A_8WT0(1):A,0
8J4B(1):B_9RK9(1):A,0
8CCQ(1):A_8UH1(1):B,0
9HAD(1):B_8WHL(1):E,0
9G87(1):B_9G87(1):A,1
9MOJ(1):C_8HS8(1):A,0
8VUF(1):B_9KO8(1):A,0
9P3J(1):A_9GAI(1):D,0
8UF4(1):A_8CM0(1):B,0
8WOK(1):B_8WOK(1):A,1
9JM8(1):A_8VUF(1):A,0
8EZR(1):B_9BKX(1):D,0
9LP2(1):C_8BRR(1):A,0
9VZY(1):D_9F26(1):A,0
9GAI(1):D_8SNF(1):D,0
9MOJ(1):B_8J49(1):A,0
8X3G(1):C_9VNJ(1):B,0
9BT4(1):E_8BFI(1):C,0
9G8U(1):B_8STS(1):A,0
8RIU(1):B_9HMX(1):A,0
9GCO(1):B_8C0D(1):B,0
8VUM(1):A_8BFI(1):C,0
8ROJ(1):B_9CCV(1):B,0
9RK9(1):A_8FE8(1):B,0
9M3I(1):C_9M3I(1):A,1
8Q03(1):A_8OWS(1):C,0
9GWJ(1):C_9E1J(1):B,0
8UF4(1):B_9MYT(1):A,0
8P9U(1):C_8RPP(1):A,0
9UB9(1):A_9VNJ(1):B,0
8TWD(1):C_8GMH(1):B,0
8BRR(1):A_8J48(1):B,0
8RP2(1):CCC_8RP2(1):AAA,1
8SJJ(1):C_8XEH(1):A,0
8WHL(1):E_9ZDM(1):B,0
8WHH(1):E_9B7D(1):A,0
8J49(1):A_8FUL(1):B,0
9PCA(1):A_9IKB(1):B,0
8XUD(1):I_8U6N(1):B,0
8FUL(1):A_8FUL(1):B,1
8P9U(1):A_9HBL(1):A,0
9I25(1):C_8XSU(1):D,0
9IZ3(1):A_9H9V(1):D,0
8Y77(1):B_8RIU(1):C,0
9KAH(1):A_9S6C(1):C,0
9R84(1):B_8VUM(1):B,0
8WHL(1):E_9NTO(1):B,0
8VUM(1):B_8GMH(1):B,0
9EAE(1):C_9U8Q(1):G,0
8HDD(1):B_8HDD(1):A,1
9Z7O(1):C_9VO4(1):B,0
8SNF(1):D_8EZR(1):A,0
8S1X(1):B_8S1X(1):A,1
8J4B(1):B_9BAE(1):A,0
8FCC(1):A_9VZY(1):A,0
9NTN(1):A_8ZVX(1):A,0
8TYX(1):A_9ZLL(1):D,0
8S1X(1):B_8JDI(1):E,0
9GCO(1):B_8PUT(1):A,0
9ZEE(1):A_9U8R(1):A,0
8PQQ(1):C_8RIU(1):B,0
8T6E(1):B_9KZL(1):C,0
8WHL(1):E_9EA8(1):B,0
9NTN(1):G_9DD1(1):C,0
8PQQ(1):C_9X2R(1):B,0
8QNL(1):C_8I2F(1):B,0
9BAE(1):A_8WOK(1):B,0
8HDD(1):C_8QVC(1):B,0
8TWD(1):C_8FAR(1):B,0
8ZHT(1):B_8WHH(1):A,0
8T9O(1):A_9G8U(1):A,0
9DK1(1):B_8HS8(1):C,0
8P9U(1):A_9L6B(1):A,0
8T6E(1):B_8J09(1):B,0
8U6F(1):B_9IZ3(1):B,0
8IH8(1):C_8IH8(1):A,1
8YN0(1):C_8Q03(1):A,0
9VNJ(1):B_9VNJ(1):A,1
8ONW(1):F_9HLS(1):B,0
8J4B(1):A_8K0H(1):A,0
8WHH(1):A_8WHH(1):E,1
8TWD(1):C_9Q9V(1):A,0
9E15(1):A_9GAI(1):C,0
9UB9(1):A_9AVF(1):A,0
8U6H(1):B_8BWV(1):A,0
8JI9(1):B_9W3A(1):A,0
8Q03(1):C_8ZA7(1):A,0
8STS(1):A_9ST8(1):B,0
9PHV(1):D_8CB2(1):BBB,0
8C0D(1):C_8G0K(1):A,0
8ZD3(1):B_9KW6(1):C,0
8TYX(1):B_9KAN(1):A,0
8XYF(1):A_9I25(1):C,0
9J4P(1):A_8GM8(1):A,0
8HXI(1):B_9HAC(1):A,0
8BFI(1):B_8SJJ(1):C,0
9ST8(1):B_9CCK(1):A,0
9GAI(1):C_9BIY(1):A,0
8J49(1):B_8J49(1):A,1
8U6N(1):A_9Z7O(1):C,0
8YN0(1):C_8WT0(1):A,0
8SNK(1):B_8WHI(1):F,0
9ERV(1):B_9GZQ(1):A,0
8S1X(1):A_9WAQ(1):A,0
8FUL(1):B_9H9V(1):E,0
8PEL(1):D_8RJA(1):E,0
8C4Z(1):B_8I8Y(1):A,0
8BFI(1):C_8WT4(1):A,0
8CCQ(1):A_8JDI(1):A,0
9ST8(1):B_9ST8(1):A,1
8ZD3(1):A_8TYS(1):B,0
8GJU(1):A_9ZCS(1):A,0
8VET(1):B_8U6G(1):B,0
8SJJ(1):A_9GAI(1):B,0
8CRA(1):E_9FN0(1):A,0
9UTY(1):B_8U6D(1):A,0
9KAH(1):C_9IKB(1):G,0
9ERV(1):B_9ERV(1):A,1
9EAV(1):A_9BIY(1):A,0
9BKX(1):d_9PHV(1):A,0
9MNO(1):A_8Y2Z(1):B,0
9L7W(1):B_9VLL(1):B,0
8T19(1):B_9NSD(1):B,0
8J4B(1):A_9GZQ(1):B,0
8BRR(1):A_8T6E(1):A,0
8R3A(1):A_8SSM(1):C,0
9UVD(1):C_8T19(1):A,0
8RJA(1):F_9UVD(1):B,0
8XT8(1):A_9L7W(1):B,0
8XTA(1):A_9GWJ(1):C,0
8ROI(1):B_8VUM(1):A,0
8T6N(1):H_9ZEE(1):A,0
8G0P(1):A_8WOK(1):A,0
8S83(1):B_8J09(1):B,0
9H9V(1):G_8Y2Z(1):A,0
8HHJ(1):B_8VUM(1):B,0
8GMH(1):D_9L6B(1):B,0
8RJA(1):F_9ST4(1):H,0
9B7D(1):B_9GAI(1):C,0
9UX0(1):A_9EAV(1):C,0
9Q1H(1):B_8RYI(1):A,0
8RJA(1):E_9X2R(1):A,0
8HS8(1):C_8T0P(1):A,0
8I2F(1):A_9HBL(1):B,0
8OUA(1):A_9IKB(1):B,0
8T6N(1):H_8BRS(1):A,0
8PF5(1):D_9J9W(1):A,0
9SJ6(1):A_9OLQ(1):B,0
8PEL(1):E_9MYT(1):B,0
9T38(1):B_9H5R(1):A,0
12NP(1):A_8WHI(1):F,0
9ZLL(1):D_8J4B(1):B,0
8Q2E(1):C_9U8R(1):G,0
9M3I(1):A_8YNX(1):A,0
9P3F(1):B_9P3F(1):A,1
9S6C(1):C_9GAI(1):B,0
9DOD(1):A_9K1U(1):C,0
9KUE(1):C_8G0P(1):B,0
8BWV(1):A_8R7D(1):B,0
8FBD(1):A_9Z7O(1):C,0
8QL1(1):B_8QL1(1):A,1
9H9V(1):A_9MYR(1):A,0
9S6C(1):A_9EA8(1):A,0
8BGM(1):B_8TYS(1):B,0
9LPG(1):A_9LP2(1):A,0
9K1U(1):B_9K1U(1):C,1
9PHV(1):A_8S83(1):C,0
8PUT(1):E_8GMH(1):C,0
9U8Q(1):A_8STS(1):B,0
8VLM(1):B_8PF5(1):B,0
9W3A(1):A_9R84(1):B,0
9H9V(1):E_8U6D(1):B,0
9H7Y(1):A_8YN0(1):D,0
8CRA(1):A_8BRT(1):B,0
8I2E(1):B_8RIU(1):B,0
8TK9(1):A_8T19(1):B,0
8OWU(1):D_9KAN(1):A,0
9L7W(1):A_9UDL(1):A,0
9GAI(1):D_8T6C(1):E,0
8FUM(1):D_9GAI(1):C,0
9BAE(1):A_8FCC(1):B,0
8OUA(1):C_9BT4(1):B,0
8PQQ(1):C_9QAA(1):A,0
8C4X(1):B_9UDL(1):B,0
9EAE(1):C_8BRQ(1):A,0
8HDD(1):C_8RYI(1):B,0
9ZCS(1):A_8STS(1):A,0
9WBE(1):A_9JWA(1):B,0
9H9V(1):B_9MNO(1):A,0
8S05(1):A_8TWD(1):C,0
9PHV(1):A_9IZ3(1):A,0
9VZY(1):A_9LP2(1):C,0
9H5R(1):B_8IGD(1):C,0
8I3F(1):A_9VO4(1):B,0
9Q9V(1):B_8TYX(1):A,0
8JMQ(1):B_9ERV(1):B,0
8PU1(1):B_9K3E(1):C,0
9ERV(1):A_8STP(1):A,0
9H5R(1):A_8QHN(1):A,0
9BIY(1):A_9H9V(1):G,0
8BWV(1):A_8FUL(1):A,0
9BT4(1):B_30KX(1):D,0
8CRA(1):A_8SJJ(1):C,0
8ORN(1):A_9KAH(1):A,0
8IE2(1):E_8Q66(1):B,0
8GKO(1):C_9K3E(1):C,0
9OMD(1):I_9OMD(1):C,1
9BIY(1):B_8BWV(1):A,0
8PUT(1):E_8TWD(1):A,0
8RIU(1):C_30KY(1):C,0
12NP(1):A_8OUA(1):A,0
8GMH(1):C_8PEL(1):B,0
9J4P(1):A_8XEH(1):E,0
8HFP(1):A_9K1L(1):A,0
8I2F(1):A_8RIU(1):C,0
9K3E(1):B_8QNL(1):C,0
8OWS(1):A_9KAH(1):C,0
8PEL(1):C_9EAE(1):A,0
8UAI(1):B_9X2R(1):A,0
9VLL(1):B_9ZLL(1):D,0
8C4Z(1):B_8C0D(1):A,0
9X2R(1):B_8CB2(1):AAA,0
8QVC(1):A_8I3F(1):B,0
9KW6(1):C_8OWS(1):A,0
8SNF(1):D_8Z22(1):C,0
21VU(1):A_9JDD(1):B,0
8PU1(1):B_9OMD(1):I,0
9GZQ(1):B_8HCI(1):A,0
9UTY(1):B_9UTY(1):A,1
8S05(1):A_9U8R(1):G,0
8XYF(1):A_8Y77(1):A,0
9ST4(1):H_9L5U(1):A,0
8RIU(1):C_8U6F(1):A,0
8UF4(1):A_8IH8(1):A,0
8FUL(1):B_9E1J(1):B,0
8PQQ(1):C_8GMH(1):D,0
8QHN(1):D_8QHN(1):A,1
8SNF(1):A_9PCA(1):B,0
8ZD3(1):B_8ZD3(1):A,1
9SDC(1):C_8T9O(1):B,0
9BGL(1):A_8VUF(1):B,0
8U6H(1):B_8U6H(1):A,1
8P9U(1):C_9MZ5(1):C,0
9G87(1):A_9GAI(1):D,0
8PUT(1):A_8GKO(1):A,0
9P3J(1):A_9BT4(1):E,0
9UVE(1):C_9ILT(1):A,0
9P3F(1):A_8RJA(1):F,0
9DCZ(1):B_8YRE(1):D,0
8YRE(1):D_8QNQ(1):C,0
9H9V(1):E_9H9V(1):A,1
8JMR(1):A_9P3J(1):A,0
30KX(1):E_9F26(1):C,0
9KO8(1):A_8Q2E(1):A,0
8EZR(1):B_8EZR(1):A,1
9ZEE(1):B_8WHH(1):E,0
8FBD(1):B_8FBD(1):A,1
8ORN(1):B_8Q2E(1):C,0
9UTY(1):B_8U6G(1):A,0
8U6D(1):A_8SJJ(1):C,0
9VZY(1):D_9HLS(1):A,0
8UAI(1):C_8PQQ(1):A,0
12NP(1):A_9SDC(1):A,0
21VU(1):A_9NSD(1):G,0
8XEH(1):E_8FE8(1):B,0
8FFX(1):B_9GWJ(1):D,0
8SNK(1):B_8JMR(1):B,0
9EAE(1):C_9EAE(1):A,1
8PF5(1):C_8TYX(1):A,0
8RYI(1):A_8S1X(1):B,0
9EAV(1):D_9KO8(1):C,0
8BWV(1):B_8U6N(1):B,0
8IE2(1):E_30KY(1):C,0
9EA8(1):A_8BOZ(1):A,0
9SJ6(1):A_8STP(1):A,0
9ILT(1):C_8WHI(1):A,0
8J64(1):B_9L5U(1):A,0
8U6H(1):A_9OMD(1):I,0
9G87(1):B_8RP2(1):CCC,0
8PEL(1):E_8EY4(1):A,0
9EA8(1):A_9M3I(1):C,0
9M3I(1):C_8ROH(1):A,0
9HMX(1):B_8HDD(1):C,0
8QNL(1):C_9SJ6(1):A,0
8PUT(1):E_8PUT(1):A,1
8VUF(1):B_9AVF(1):B,0
9WAQ(1):A_8PF5(1):D,0
9KW6(1):A_8TYS(1):A,0
9CCK(1):A_9GAI(1):C,0
9PZK(1):B_9JDD(1):A,0
8JMQ(1):A_9J4P(1):A,0
8R3A(1):B_9J4P(1):A,0
9EAV(1):A_8Y77(1):B,0
8STP(1):B_8WHH(1):A,0
8WT0(1):A_9CCK(1):A,0
9HMX(1):B_9SJ6(1):C,0
8PF5(1):D_8PF5(1):C,1
8QHN(1):D_21VU(1):H,0
9V8I(1):A_8EY4(1):I,0
8U6D(1):B_9ZEE(1):B,0
9JM8(1):B_8WHM(1):B,0
9IKB(1):G_9IKB(1):B,1
8SJJ(1):A_9E1J(1):B,0
9ZBE(1):B_8PUT(1):E,0
9U8Q(1):A_9KUE(1):B,0
9IZ3(1):B_8J48(1):B,0
8CB2(1):BBB_9ZEE(1):B,0
9UVD(1):B_9K1L(1):A,0
9HLO(1):B_8SSM(1):B,0
8RYI(1):A_9EAV(1):D,0
9S6C(1):C_8RPP(1):A,0
8XUD(1):I_8XUD(1):A,1
9QAA(1):B_9LPG(1):E,0
8PU3(1):C_8R3A(1):A,0
8S83(1):C_8WHL(1):E,0
8PQQ(1):C_9P1C(1):B,0
9S6C(1):A_8QL1(1):A,0
8ROI(1):B_9G87(1):B,0
8FZZ(1):A_9LP2(1):A,0
8J64(1):A_8T9O(1):A,0
9BT4(1):G_8I3E(1):C,0
8J09(1):B_9VZC(1):B,0
9H9V(1):G_8Q2E(1):C,0
8GMH(1):D_9F26(1):A,0
8JMR(1):B_9UX0(1):B,0
8PEL(1):D_8BRS(1):A,0
8T0P(1):A_8T0P(1):B,1
8FUM(1):C_8UF4(1):A,0
8I3F(1):B_8ROH(1):B,0
8VLM(1):A_9VO5(1):A,0
9JDD(1):B_8U6D(1):B,0
8FBD(1):A_8VUF(1):B,0
8HDD(1):B_8Y96(1):C,0
8RP2(1):AAA_9ZDM(1):A,0
8RJA(1):F_8RJA(1):E,1
8CCQ(1):A_11LJ(1):A,0
8Z22(1):C_9H9V(1):E,0
9VNJ(1):B_9KUE(1):C,0
9WBE(1):A_9WBE(1):D,1
8Y2Z(1):B_9LP2(1):A,0
8BGM(1):A_8RJA(1):F,0
8SNF(1):A_9V8I(1):B,0
8BGM(1):B_8WOK(1):A,0
8SSM(1):C_9V8I(1):A,0
8PEL(1):E_9PZK(1):B,0
8RIU(1):C_8ZVX(1):A,0
9ST8(1):A_8VLM(1):B,0
8PEL(1):D_9ILT(1):D,0
8Q2E(1):A_9ZLL(1):F,0
9JDI(1):A_8CCQ(1):B,0
9UVD(1):B_9Z7O(1):A,0
8Q66(1):B_9HAD(1):B,0
8HR0(1):B_9JWA(1):B,0
8BGM(1):B_8BGM(1):A,1
8I3E(1):C_8P9U(1):A,0
8OUA(1):C_9MNO(1):E,0
8CM0(1):B_8QNL(1):C,0
9UB9(1):A_9SJ6(1):A,0
8RP2(1):AAA_9CCK(1):A,0
9OMD(1):C_8YRE(1):D,0
9E15(1):A_9UDL(1):B,0
9H9V(1):H_9H9V(1):D,1
8Q66(1):B_8Q66(1):A,1
8STU(1):B_8STU(1):A,1
9CCK(1):A_9VO5(1):A,0
8IE2(1):E_8Q2E(1):C,0
8PQQ(1):A_8ROH(1):A,0
8ROJ(1):A_8CM0(1):B,0
9X2R(1):A_9HAE(1):A,0
9UB9(1):B_8T6N(1):H,0
8XT8(1):B_8XT8(1):A,1
9ZEE(1):B_8OWU(1):B,0
9Q9V(1):B_9Q9V(1):A,1
8BRS(1):A_8S83(1):B,0
8ZD3(1):A_9UTY(1):B,0
8QVC(1):A_8R3A(1):B,0
8GM8(1):B_8GM8(1):A,1
8T0P(1):B_8J48(1):B,0
8FUL(1):A_9L6B(1):B,0
9BKX(1):D_8K0H(1):A,0
9BT4(1):E_9JDI(1):C,0
9K3E(1):C_9IZ3(1):A,0
8QNQ(1):C_8K0H(1):A,0
9MYR(1):B_9MYR(1):A,1
8WT4(1):B_8U45(1):C,0
8PF5(1):B_9P1C(1):B,0
8RP2(1):CCC_9Q1H(1):B,0
8IGD(1):B_8VLM(1):A,0
8WT0(1):B_8SNF(1):A,0
8T6E(1):B_9T38(1):B,0
8HXI(1):A_9Q9V(1):A,0
9HLS(1):B_8QNL(1):C,0
9H9V(1):H_9UX0(1):A,0
8Q2E(1):A_9CCK(1):C,0
9EAE(1):C_9X2R(1):B,0
30KX(1):E_9GAI(1):D,0
9BKX(1):D_9JDI(1):A,0
9ILT(1):A_9H9V(1):E,0
9BAE(1):A_9P3J(1):B,0
8OWS(1):A_8JDI(1):A,0
9RMM(1):C_9PHV(1):A,0
8QHN(1):A_8JMQ(1):B,0
8ZD3(1):B_9G87(1):A,0
8S05(1):A_9Z7O(1):A,0
8PF5(1):B_9KAN(1):B,0
8Q66(1):B_9EYU(1):A,0
8ZHT(1):B_8IH8(1):A,0
9RMM(1):A_8BRT(1):A,0
9ERV(1):B_9VO5(1):A,0
8HHJ(1):A_8VLM(1):A,0
8J64(1):B_9VLL(1):A,0
8WT0(1):A_8QHN(1):A,0
8HCI(1):B_8HCI(1):A,1
8HDD(1):A_8GKO(1):C,0
8I3F(1):B_8I3F(1):A,1
8Q2E(1):A_9ZLL(1):D,0
8XSU(1):C_21ZX(1):F,0
8T6E(1):A_8CM0(1):A,0
8BFI(1):C_8T6C(1):C,0
9BKX(1):d_9BKX(1):D,1
8QHN(1):A_8BRS(1):B,0
8ROJ(1):B_8HR0(1):B,0
8C0D(1):C_8JI9(1):A,0
8IE2(1):A_12NP(1):C,0
9K1U(1):C_9F26(1):C,0
8SNF(1):D_8YN0(1):C,0
9UTY(1):B_8T0P(1):A,0
8G0P(1):B_8T0P(1):B,0
8I8Y(1):A_8U6F(1):A,0
8U6D(1):A_8U6D(1):B,1
9PCA(1):B_9UVD(1):B,0
9MOJ(1):C_8QVC(1):A,0
9KUE(1):C_9KUE(1):B,1
8ZVX(1):A_9LPG(1):A,0
8RPP(1):D_8RPP(1):A,1
8ZHT(1):A_8FUL(1):A,0
8RYI(1):B_8JDI(1):A,0
8RP0(1):CCC_21VU(1):H,0
8GM8(1):B_9MYR(1):A,0
8ONW(1):F_8S1X(1):B,0
9EAV(1):C_8SJJ(1):C,0
9G8U(1):B_9P3F(1):B,0
8BRT(1):A_9HAC(1):A,0
8ROJ(1):A_8ROH(1):B,0
8J48(1):D_9R2Z(1):A,0
8UF4(1):B_8C0D(1):C,0
9UDL(1):A_8ZA7(1):B,0
9VO4(1):B_8PUT(1):A,0
8IGD(1):B_8CCQ(1):A,0
8TWD(1):A_8Q2E(1):A,0
8BFI(1):B_9V8I(1):B,0
8T19(1):B_8T19(1):A,1
9UVE(1):C_9UVE(1):B,1
9JWA(1):A_9H5R(1):A,0
9PCA(1):B_8ROI(1):A,0
9GAI(1):D_9CCK(1):C,0
9K3E(1):C_9WBE(1):A,0
8U6D(1):A_8UAI(1):B,0
8Y2Z(1):A_8J09(1):A,0
9IZ3(1):B_8I2F(1):B,0
9PCA(1):A_8RP2(1):AAA,0
9Q9V(1):A_8WHM(1):B,0
8I2E(1):A_9HBL(1):A,0
8WHL(1):A_8T6C(1):C,0
8PU3(1):A_8STP(1):B,0
8HCI(1):A_8JI9(1):A,0
8U6N(1):A_8I2E(1):B,0
9C10(1):B_8OWS(1):A,0
9OK4(1):B_8XYF(1):A,0
9NTO(1):B_9KAH(1):A,0
8G0K(1):A_8UAI(1):A,0
9KAH(1):C_8T0P(1):A,0
9T38(1):B_9G87(1):B,0
8FUL(1):A_9KAN(1):B,0
8T0P(1):B_8T9O(1):A,0
8HFP(1):C_9IZ3(1):A,0
9LPG(1):E_8PFC(1):A,0
9JDD(1):A_8PEL(1):G,0
9SDC(1):C_9B7D(1):B,0
9OK4(1):B_8IH8(1):A,0
9H5R(1):A_8SSM(1):C,0
9H9V(1):B_9W3A(1):A,0
9AVF(1):A_8CM0(1):A,0
9U8Q(1):A_8T9O(1):B,0
8PQQ(1):C_8JI9(1):A,0
9H9V(1):G_8T6N(1):H,0
8UAI(1):A_8OWS(1):A,0
9W3A(1):A_8RIU(1):C,0
8PUT(1):A_9ZCS(1):A,0
8U6N(1):A_9K1L(1):B,0
9ST8(1):B_9VLL(1):A,0
9C10(1):B_9C10(1):A,1
8BRS(1):A_9SDC(1):A,0
11LJ(1):A_9Z7O(1):A,0
9K1U(1):B_8TWD(1):A,0
8RP2(1):CCC_9P3F(1):A,0
9RGL(1):A_8GM8(1):A,0
8JMR(1):B_8RP0(1):AAA,0
9OLQ(1):B_8RYI(1):B,0
8Y2Z(1):B_8SNF(1):A,0
8S83(1):C_8BRQ(1):B,0
9ILT(1):G_8ZHT(1):A,0
9CCV(1):A_8ROJ(1):B,0
9RMM(1):A_9GAI(1):A,0
9V8I(1):A_9KAN(1):A,0
8T9P(1):A_8VEO(1):B,0
8QHN(1):D_9LPG(1):E,0
8J4B(1):A_9P1C(1):A,0
9B7D(1):A_9E15(1):B,0
9HAD(1):B_8PEL(1):B,0
8RJA(1):F_9H7Y(1):A,0
9HNG(1):A_8JDI(1):A,0
8J48(1):B_9ZDM(1):A,0
9IKB(1):C_8RJA(1):F,0
9PZK(1):B_9PZK(1):A,1
8RYI(1):A_9HAC(1):B,0
9LP2(1):A_9M3I(1):D,0
9EAE(1):C_9B7D(1):A,0
8C0D(1):B_8XT8(1):A,0
8G0K(1):B_8Y2Z(1):A,0
8CCQ(1):A_9UVD(1):B,0
9WAQ(1):A_9R84(1):B,0
8ONW(1):F_8GMH(1):D,0
8RYI(1):B_8C0J(1):A,0
8WT4(1):B_8G0P(1):A,0
8XUD(1):I_9UVD(1):B,0
9HMX(1):B_9G8U(1):A,0
9H7Y(1):B_9H7Y(1):A,1
8OUA(1):A_9F26(1):A,0
9VZY(1):A_8ZD3(1):B,0
9VO5(1):A_8C0D(1):B,0
9EAE(1):C_9MYR(1):B,0
8HCI(1):A_8U6N(1):A,0
9PCA(1):A_9HLS(1):B,0
9KUE(1):B_9KUE(1):A,1
9K1U(1):B_9J4P(1):A,0
8R7D(1):B_9VZC(1):A,0
8P9U(1):C_8S05(1):C,0
9WBE(1):D_8PU1(1):A,0
8IE2(1):A_8TWD(1):C,0
8T6E(1):A_11LJ(1):C,0
8G0P(1):B_8P9U(1):C,0
8S1X(1):B_8I2E(1):B,0
8BRT(1):B_8RP1(1):CCC,0
9H9V(1):C_9H9V(1):B,1
8FBD(1):A_9VNJ(1):A,0
8FBD(1):B_9IKB(1):B,0
8XEH(1):A_9NSD(1):G,0
8PEL(1):G_8PEL(1):D,1
9W3A(1):E_9U8Q(1):G,0
8T6N(1):H_8VUF(1):A,0
9HAD(1):B_8G0P(1):A,0
8ZVX(1):B_8S2M(1):B,0
9C10(1):A_9ILT(1):G,0
21VU(1):A_8QVC(1):B,0
9JWA(1):A_9ZEE(1):B,0
9L6B(1):B_8PUT(1):A,0
8U6H(1):A_9BT4(1):E,0
8R7D(1):A_9PZK(1):A,0
8XT8(1):A_9K1U(1):C,0
9R84(1):B_9G87(1):B,0
9U8Q(1):A_9UTY(1):A,0
8VLM(1):A_8WHI(1):F,0
9KZL(1):C_8ONW(1):C,0
8RP1(1):AAA_8U6H(1):B,0
9ZEE(1):A_8GKO(1):C,0
8T19(1):A_9F79(1):C,0
8ZHT(1):B_8FZZ(1):B,0
9PR8(1):C_8UAI(1):C,0
8TYS(1):B_8TYS(1):A,1
9GAI(1):C_9ST4(1):H,0
8J48(1):D_8WT4(1):B,0
8QL1(1):A_9UX0(1):B,0
8C4Z(1):A_8OWS(1):C,0
8RP2(1):AAA_8C4X(1):B,0
8UH1(1):A_8S83(1):B,0
9ZDM(1):B_9L5U(1):A,0
9BKX(1):d_8RIU(1):C,0
9Z7O(1):A_9P3J(1):B,0
8HR0(1):B_8FCC(1):B,0
8U45(1):C_8BGM(1):A,0
8ROJ(1):A_8WHL(1):E,0
8ROI(1):A_9S6C(1):A,0
8RJA(1):E_8BOZ(1):A,0
8X3G(1):C_8PQQ(1):C,0
9L6B(1):A_9LP2(1):A,0
9Q1H(1):B_9I25(1):A,0
8T6C(1):C_8HS8(1):A,0
8TWD(1):A_8FE8(1):A,0
8U6D(1):B_8RZZ(1):A,0
9JWA(1):B_9KUE(1):A,0
8VET(1):B_8PF5(1):B,0
9OK4(1):B_8J48(1):D,0
8PEL(1):F_8PEL(1):E,1
9S6C(1):A_8ONW(1):C,0
9ZLL(1):D_9OMD(1):C,0
8FE8(1):B_9S6C(1):C,0
8RPP(1):D_9QAA(1):A,0
9MYT(1):B_9U8Q(1):A,0
8S83(1):C_8S83(1):B,1
9U8Q(1):G_9P1C(1):A,0
8WT4(1):B_8HFP(1):C,0
9EA8(1):A_9HNG(1):B,0
9B7D(1):B_8QNQ(1):A,0
8GMH(1):C_9S6C(1):A,0
8FE8(1):B_8Z22(1):B,0
9HMX(1):A_9J9W(1):A,0
8Q2E(1):C_9ZBE(1):B,0
8JI9(1):A_8GM8(1):A,0
9LPG(1):A_8ROI(1):B,0
8GKO(1):C_8I3F(1):A,0
9AVF(1):B_9KZL(1):A,0
9RGL(1):F_8TYS(1):A,0
9HAD(1):C_9HAD(1):B,1
8X3G(1):B_9VZY(1):D,0
8T6N(1):H_9G87(1):B,0
8PEL(1):C_8CRA(1):E,0
9GAI(1):B_8YRE(1):A,0
8OUA(1):C_8OWU(1):D,0
9R2Z(1):B_9G87(1):B,0
8T6E(1):A_8VUF(1):A,0
9UDL(1):B_8OWS(1):C,0
9U8Q(1):A_8WOK(1):A,0
9NSD(1):B_8PEL(1):F,0
9S6C(1):A_8SNF(1):D,0
9HLS(1):A_8ZVX(1):A,0
9K1U(1):B_9H5R(1):A,0
8SJJ(1):A_8GKO(1):A,0
8WT4(1):B_9K1U(1):C,0
8GM8(1):B_9FN0(1):A,0
9VO4(1):B_8VLM(1):B,0
8U6G(1):A_8VUM(1):A,0
8CRA(1):A_8PUT(1):A,0
9HAC(1):B_8BRT(1):A,0
9VZY(1):A_9K1U(1):C,0
8ZHT(1):B_9SDC(1):C,0
8UH1(1):B_8UH1(1):A,1
9EAV(1):A_8X3G(1):C,0
8TWD(1):C_8RP2(1):CCC,0
8I3E(1):C_8I3E(1):B,1
9SDC(1):C_9SDC(1):A,1
9ST8(1):A_8R3A(1):A,0
9GAI(1):C_8JDI(1):A,0
30KY(1):B_30KY(1):C,1
9Q9V(1):B_9W3A(1):A,0
8K0H(1):B_9PCA(1):B,0
8JMQ(1):A_8JMQ(1):B,1
9VZC(1):B_8YNX(1):B,0
9DD1(1):A_8ZHT(1):A,0
9BT4(1):E_8S2M(1):B,0
9JDI(1):C_8ZA7(1):A,0
8QVC(1):A_8OWS(1):C,0
11LJ(1):C_9KW6(1):C,0
9P3F(1):B_9KAH(1):C,0
8BWV(1):B_9P3J(1):B,0
9W3A(1):A_8EZR(1):B,0
8CRA(1):A_8QL1(1):B,0
9SDC(1):A_8U6H(1):B,0
9E1J(1):A_8QNL(1):A,0
8SJJ(1):C_8T0P(1):A,0
9VZY(1):D_9VZY(1):A,1
9HLO(1):B_9BAE(1):B,0
8FAR(1):A_9C10(1):A,0
8BGM(1):A_9B7D(1):A,0
9ILT(1):E_8U45(1):A,0
9AVF(1):A_8BRT(1):B,0
8GM8(1):A_8PUT(1):A,0
9DD1(1):A_9PHV(1):A,0
9X2R(1):A_8RQZ(1):C,0
9RK9(1):A_8SSM(1):B,0
8CM0(1):A_8Q2E(1):B,0
9PR8(1):A_8G0K(1):A,0
8OWS(1):A_9H9V(1):G,0
8RJA(1):E_9ZDM(1):B,0
9M3I(1):D_8T19(1):B,0
9DOD(1):A_8STU(1):A,0
8CM0(1):A_12NP(1):A,0
9BAE(1):B_8ROJ(1):A,0
9Z7O(1):C_9ZEE(1):B,0
9ZCS(1):B_8FZZ(1):A,0
9LEW(1):B_8RP0(1):CCC,0
8JI9(1):A_8PEL(1):F,0
9X2R(1):B_8XEH(1):A,0
8PEL(1):C_9SDC(1):C,0
9IZ3(1):A_9ZBE(1):B,0
8HDD(1):C_9K1L(1):A,0
9S6C(1):C_11LJ(1):A,0
8BFI(1):C_8UH1(1):B,0
9B7D(1):A_8BRS(1):B,0
8K0H(1):B_9IKB(1):G,0
8YRE(1):D_8FFX(1):A,0
9EAV(1):D_8FUL(1):A,0
8PF5(1):C_8EZR(1):B,0
8T9P(1):A_8BOZ(1):A,0
9ST8(1):A_8T6N(1):A,0
9BKX(1):D_8Y77(1):B,0
8WT4(1):B_8RP1(1):CCC,0
8ONW(1):C_8ONW(1):B,1
8U6N(1):A_9OLQ(1):B,0
9ZEE(1):B_9F26(1):C,0
9VZC(1):B_9VZC(1):A,1
8BWV(1):B_8BWV(1):A,1
9J4P(1):B_9V8I(1):A,0
8GMH(1):D_8STP(1):B,0
21ZX(1):C_8PU3(1):A,0
9V8I(1):A_8Q2E(1):A,0
9KAH(1):C_9KAH(1):A,1
9GWJ(1):C_8WT4(1):A,0
8CB2(1):BBB_8SNF(1):A,0
8FBD(1):B_8VET(1):B,0
9IKB(1):G_9IKB(1):C,1
8I8Y(1):A_8JDI(1):A,0
9H5R(1):A_9OMD(1):C,0
21ZX(1):F_8K0H(1):A,0
9KW6(1):A_9HNG(1):B,0
9UDL(1):B_9V8I(1):A,0
8C4X(1):A_9KUE(1):C,0
8UAI(1):C_8WT0(1):B,0
8RYI(1):B_9KW6(1):C,0
8ROI(1):A_8RPP(1):D,0
9L6B(1):A_9ILT(1):F,0
8Q66(1):B_9LP2(1):C,0
9KW6(1):C_9LEW(1):B,0
8FBD(1):B_8JDI(1):A,0
9P1C(1):A_9LPG(1):E,0
8G0P(1):A_8Y96(1):C,0
9BT4(1):G_9VO5(1):B,0
9DD1(1):C_8R7D(1):A,0
9E15(1):A_8QNL(1):A,0
9UX0(1):B_9HLO(1):B,0
9ERV(1):B_8J4B(1):B,0
8XSU(1):C_8ROJ(1):A,0
30KY(1):B_8Y96(1):C,0
8TYS(1):B_8WHL(1):E,0
8CB2(1):BBB_8CB2(1):AAA,1
9H9V(1):E_30KY(1):C,0
9ZDM(1):A_8HXI(1):B,0
9J9W(1):B_8C0D(1):B,0
9VZY(1):D_9KAH(1):C,0
9H7Y(1):B_9EAV(1):A,0
8RZZ(1):A_8FAR(1):A,0
8CRA(1):E_9UVD(1):B,0
8X3G(1):B_9H7Y(1):A,0
8HXI(1):A_9JDI(1):C,0
9L5U(1):C_9NSD(1):B,0
9MYT(1):A_9KAH(1):C,0
9AVF(1):A_8HCI(1):A,0
8JMR(1):B_8VET(1):B,0
9ST8(1):A_8C4Z(1):B,0
9RK9(1):B_9UX0(1):A,0
9T38(1):A_8IE2(1):A,0
9M3I(1):D_8HFP(1):C,0
9P1C(1):B_9P1C(1):A,1
8QNL(1):A_8Y96(1):C,0
9RK9(1):A_8WHI(1):A,0
9UDL(1):A_8CN3(1):B,0
8I2F(1):A_9DD1(1):C,0
9ZBE(1):B_9ZBE(1):A,1
8PUT(1):E_8U6G(1):B,0
8GJU(1):H_9M3I(1):C,0
8PF5(1):A_8RZZ(1):A,0
8ROI(1):B_8ROI(1):A,1
8QVC(1):A_9VO4(1):A,0
8STS(1):B_8ROH(1):A,0
9BT4(1):G_9BT4(1):B,1
8OWU(1):D_8T9P(1):A,0
8R3A(1):A_8J64(1):A,0
8K0H(1):B_8K0H(1):A,1
9UTY(1):A_9NTO(1):B,0
8CN3(1):A_9WAQ(1):B,0
9BIY(1):A_9OMD(1):I,0
8VET(1):B_9UTY(1):B,0
8SSM(1):B_8Q2E(1):A,0
8HXI(1):B_8ZA7(1):A,0
9AVF(1):A_9KUE(1):C,0
8RIU(1):C_8VET(1):A,0
8BRQ(1):B_9M3I(1):C,0
9VO4(1):B_8SNF(1):A,0
9WAQ(1):B_9H5R(1):A,0
8R3A(1):A_9G87(1):B,0
8G0K(1):B_8PEL(1):E,0
8JMR(1):B_8JMR(1):A,1
8FUL(1):B_9K3E(1):B,0
8PUT(1):E_8FZZ(1):B,0
8HCI(1):B_9F79(1):A,0
8VET(1):B_9L5U(1):C,0
8IE2(1):E_8QNL(1):A,0
8C4Z(1):B_8C4Z(1):A,1
8HCI(1):B_9LP2(1):C,0
8K0H(1):A_9EAV(1):D,0
8ROJ(1):B_8HDD(1):C,0
8YN0(1):C_8XSU(1):C,0
9I25(1):A_9I25(1):C,1
8SNF(1):D_8RYI(1):A,0
8Z22(1):C_9NSD(1):G,0
8FAR(1):A_8U6D(1):A,0
9KAN(1):A_8G0P(1):A,0
21VU(1):A_9W3A(1):E,0
8PF5(1):B_9FN0(1):A,0
8RPP(1):D_30KY(1):B,0
8GKO(1):A_8UAI(1):C,0
9BT4(1):E_9BT4(1):A,1
9LEW(1):A_9EAE(1):C,0
8HCI(1):A_9DOD(1):B,0
8ROI(1):B_8ZHT(1):B,0
8J09(1):B_8J09(1):A,1
9F79(1):C_9ZCS(1):A,0
8GJU(1):A_8CN3(1):A,0
9IKB(1):C_8CRA(1):E,0
8PUT(1):E_8EY4(1):A,0
9HBL(1):A_9OLQ(1):A,0
8WT4(1):A_8C0D(1):C,0
8ROJ(1):B_8UF4(1):B,0
9LEW(1):A_8XUD(1):A,0
8G0P(1):A_8FE8(1):B,0
8QNQ(1):C_8WHM(1):A,0
8RZZ(1):A_9Q9V(1):A,0
8C0D(1):C_9LP2(1):A,0
8STS(1):A_9IZ3(1):B,0
9EA8(1):B_9EA8(1):A,1
9KAN(1):A_9NTN(1):G,0
